codigoRPA,codigoSIA,nombre,nombrePantalla,codigoFamilia,familia,codigoMateria,materia,consejeria,consejeriaDIR3,estado,vigente,fechaAlta,fechaBaja
624,215636,Concesión de Certificado de Conformidad ATP,624 - Concesión de Certificado de Conformidad ATP,1,"Familia 1. Comunicaciones previas, autorizaciones, acreditaciones, e inscripciones registrales",8,Empresa y comercio,Consejería de Política Industrial y Energía,A01041433,A,True,18/02/2013,
640,214122,Incentivos para el desarrollo energético sostenible de Andalucía (Orden 04/02/2009),640 - Incentivos para el desarrollo energético sostenible de Andalucía (Orden 04/02/2009),2,"Familia 2. Subvenciones, becas y premios",25,Energía,Consejería de Política Industrial y Energía,A01041433,A,True,11/08/2009,23/02/2017
1807,204089,Registro de Certificados Energéticos Andaluces,1807 - Registro de Certificados Energéticos Andaluces,1,"Familia 1. Comunicaciones previas, autorizaciones, acreditaciones, e inscripciones registrales",25,Energía,Consejería de Política Industrial y Energía,A01041433,A,True,20/09/2011,
5259,215518,Actividades mineras: Autorización del plan de restauración o plan de abandono,5259 - Actividades mineras: Autorización del plan de restauración o plan de abandono,1,"Familia 1. Comunicaciones previas, autorizaciones, acreditaciones, e inscripciones registrales",8,Empresa y comercio,Consejería de Política Industrial y Energía,A01041433,A,True,18/02/2013,
5260,215242,Actividades mineras: Proyectos de voladura en actividades mineras,5260 - Actividades mineras: Proyectos de voladura en actividades mineras,1,"Familia 1. Comunicaciones previas, autorizaciones, acreditaciones, e inscripciones registrales",8,Empresa y comercio,Consejería de Política Industrial y Energía,A01041433,A,True,12/02/2013,
5264,215516,"Actividades mineras: Residuos mineros, aprobación de proyectos de depósitos y de abandono de depósitos","5264 - Actividades mineras: Residuos mineros, aprobación de proyectos de depósitos y de abandono de depósitos",1,"Familia 1. Comunicaciones previas, autorizaciones, acreditaciones, e inscripciones registrales",8,Empresa y comercio,Consejería de Política Industrial y Energía,A01041433,A,True,18/02/2013,
5265,204315,Actividades mineras: Establecimiento de Beneficio de los Recursos Mineros,5265 - Actividades mineras: Establecimiento de Beneficio de los Recursos Mineros,1,"Familia 1. Comunicaciones previas, autorizaciones, acreditaciones, e inscripciones registrales",8,Empresa y comercio,Consejería de Política Industrial y Energía,A01041433,A,True,19/11/2012,
5266,215663,Actividades mineras: Grupos mineros y Concentración de trabajos.,5266 - Actividades mineras: Grupos mineros y Concentración de trabajos.,1,"Familia 1. Comunicaciones previas, autorizaciones, acreditaciones, e inscripciones registrales",8,Empresa y comercio,Consejería de Política Industrial y Energía,A01041433,A,True,19/11/2012,
5267,215479,Actividades mineras: Demasías mineras,5267 - Actividades mineras: Demasías mineras,1,"Familia 1. Comunicaciones previas, autorizaciones, acreditaciones, e inscripciones registrales",8,Empresa y comercio,Consejería de Política Industrial y Energía,A01041433,A,True,18/02/2013,
5268,204316,Actividades mineras: Cotos Mineros: Constitución,5268 - Actividades mineras: Cotos Mineros: Constitución,1,"Familia 1. Comunicaciones previas, autorizaciones, acreditaciones, e inscripciones registrales",8,Empresa y comercio,Consejería de Política Industrial y Energía,A01041433,A,True,18/02/2013,
5489,215517,Autorización de centros formativos y evaluadores en materia de gases fluorados,5489 - Autorización de centros formativos y evaluadores en materia de gases fluorados,1,"Familia 1. Comunicaciones previas, autorizaciones, acreditaciones, e inscripciones registrales",8,Empresa y comercio,Consejería de Política Industrial y Energía,A01041433,A,True,18/02/2013,
6129,204347,Actividades mineras: Planes de Labores,6129 - Actividades mineras: Planes de Labores,1,"Familia 1. Comunicaciones previas, autorizaciones, acreditaciones, e inscripciones registrales",8,Empresa y comercio,Consejería de Política Industrial y Energía,A01041433,A,True,18/02/2013,
6400,214132,Programa de Impulso a la Construcción Sostenible en Andalucía (Decreto-ley 1/2014-PICS),6400 - Programa de Impulso a la Construcción Sostenible en Andalucía (Decreto-ley 1/2014-PICS),2,"Familia 2. Subvenciones, becas y premios",25,Energía,Consejería de Política Industrial y Energía,A01041433,A,True,28/11/2016,23/02/2017
6505,204418,"Puesta en servicio de instalaciones industriales que no requieren autorización previa: instalaciones baja tensión(con proyecto y/o certificado dirección técnica), instalaciones térmicas de edificios (climatización, calefacción, ACS), instalaciones de productos petrolíferos líquidos, grúas torres, grúas móviles, instalaciones gas, instalaciones frigoríficas, instalaciones protección contra incendio, ascensores, instalaciones alta tensión, almacenamiento productos químicos, instalaciones de equipos a presión.","6505 - Puesta en servicio de instalaciones industriales que no requieren autorización previa: instalaciones baja tensión(con proyecto y/o certificado dirección técnica), instalaciones térmicas de edificios (climatización, calefacción, ACS), instalaciones de productos petrolíferos líquidos, grúas torres, grúas móviles, instalaciones gas, instalaciones frigoríficas, instalaciones protección contra incendio, ascensores, instalaciones alta tensión, almacenamiento productos químicos, instalaciones de equipos a presión.",1,"Familia 1. Comunicaciones previas, autorizaciones, acreditaciones, e inscripciones registrales",8,Empresa y comercio,Consejería de Política Industrial y Energía,A01041433,A,True,16/12/2014,
6513,215668,Puesta en servicio de instalaciones de baja tensión que no precisan de proyecto ni certificado de dirección técnica (Sistema TECI).,6513 - Puesta en servicio de instalaciones de baja tensión que no precisan de proyecto ni certificado de dirección técnica (Sistema TECI).,1,"Familia 1. Comunicaciones previas, autorizaciones, acreditaciones, e inscripciones registrales",25,Energía,Consejería de Política Industrial y Energía,A01041433,A,True,04/12/2014,
7011,215650,"Apertura, Modificación o Cese de la Actividad Industrial de Lavado Interior o Desgasificación y Despresurización o Reparación o Alteración de Cisternas de Mercancías Peligrosas: Declaración Responsable","7011 - Apertura, Modificación o Cese de la Actividad Industrial de Lavado Interior o Desgasificación y Despresurización o Reparación o Alteración de Cisternas de Mercancías Peligrosas: Declaración Responsable",1,"Familia 1. Comunicaciones previas, autorizaciones, acreditaciones, e inscripciones registrales",8,Empresa y comercio,Consejería de Política Industrial y Energía,A01041433,A,True,27/05/2015,
7012,215689,Habilitación Empresas de Servicios en la actividad industrial de Centro de Recarga de Gases: Declaración Responsable.,7012 - Habilitación Empresas de Servicios en la actividad industrial de Centro de Recarga de Gases: Declaración Responsable.,1,"Familia 1. Comunicaciones previas, autorizaciones, acreditaciones, e inscripciones registrales",8,Empresa y comercio,Consejería de Política Industrial y Energía,A01041433,A,True,27/05/2015,
7013,215690,Habilitación Empresas de Servicios en las actividades de Centros de Recarga y Centros de Inspección de Botellas de Equipos Respiratorios Autónomos: Declaración Responsable.,7013 - Habilitación Empresas de Servicios en las actividades de Centros de Recarga y Centros de Inspección de Botellas de Equipos Respiratorios Autónomos: Declaración Responsable.,1,"Familia 1. Comunicaciones previas, autorizaciones, acreditaciones, e inscripciones registrales",8,Empresa y comercio,Consejería de Política Industrial y Energía,A01041433,A,True,27/05/2015,
7442,204572,Subvenciones destinadas a la gestión de la Red de Voluntariado Digital en el territorio andaluz.,7442 - Subvenciones destinadas a la gestión de la Red de Voluntariado Digital en el territorio andaluz.,2,"Familia 2. Subvenciones, becas y premios",9,Investigacion y tecnologia,Consejería de Política Industrial y Energía,A01041433,A,True,31/07/2015,
7653,1161271,Emisión de informes en materia de contratación de bienes y servicios informáticos,7653 - Emisión de informes en materia de contratación de bienes y servicios informáticos,1,"Familia 1. Comunicaciones previas, autorizaciones, acreditaciones, e inscripciones registrales",1,Administracion publica,Consejería de Política Industrial y Energía,A01041433,A,True,06/10/2015,23/02/2017
8077,204613,Subvenciones destinadas a la dinamización de la Red de Centros de Acceso Público a Internet en Comunidades Andaluzas (caes).,8077 - Subvenciones destinadas a la dinamización de la Red de Centros de Acceso Público a Internet en Comunidades Andaluzas (caes).,2,"Familia 2. Subvenciones, becas y premios",9,Investigacion y tecnologia,Consejería de Política Industrial y Energía,A01041433,A,True,11/02/2016,
8078,204614,Subvenciones destinadas a la dinamización de la Red de Centros de Acceso Público a Internet en zonas necesitadas de transformación social de Andalucía (CAPI Mantenimiento),8078 - Subvenciones destinadas a la dinamización de la Red de Centros de Acceso Público a Internet en zonas necesitadas de transformación social de Andalucía (CAPI Mantenimiento),2,"Familia 2. Subvenciones, becas y premios",9,Investigacion y tecnologia,Consejería de Política Industrial y Energía,A01041433,A,True,11/02/2016,
8080,204615,Subvenciones destinadas a la dinamización de la Red de Centros de Acceso Público a Internet en zonas necesitadas de transformación social de Andalucía (CAPI Apertura),8080 - Subvenciones destinadas a la dinamización de la Red de Centros de Acceso Público a Internet en zonas necesitadas de transformación social de Andalucía (CAPI Apertura),2,"Familia 2. Subvenciones, becas y premios",9,Investigacion y tecnologia,Consejería de Política Industrial y Energía,A01041433,A,True,11/02/2016,
8233,204639,"Habilitación Empresas de Servicios en Seguridad Industrial: Instaladora/Mantenedora y/o Reparadora de: Ascensores, Grúas Móviles Autopropulsadas, Frigorista, Grúas Torre, Gas, Baja Tensión, Líneas Alta Tensión, Centrales Eléctricas, Subestaciones y Centros Transformación, Instalaciones Térmicas Edificios, Instalaciones Contra Incendios, Equipos a Presión, Productos Petrolíferos Líquidos. (TRAMITADOR HAPR)","8233 - Habilitación Empresas de Servicios en Seguridad Industrial: Instaladora/Mantenedora y/o Reparadora de: Ascensores, Grúas Móviles Autopropulsadas, Frigorista, Grúas Torre, Gas, Baja Tensión, Líneas Alta Tensión, Centrales Eléctricas, Subestaciones y Centros Transformación, Instalaciones Térmicas Edificios, Instalaciones Contra Incendios, Equipos a Presión, Productos Petrolíferos Líquidos. (TRAMITADOR HAPR)",1,"Familia 1. Comunicaciones previas, autorizaciones, acreditaciones, e inscripciones registrales",8,Empresa y comercio,Consejería de Política Industrial y Energía,A01041433,A,True,26/04/2016,
8283,204647,Inscripciones en el Registro Integrado Industrial de Andalucía (RIIA),8283 - Inscripciones en el Registro Integrado Industrial de Andalucía (RIIA),1,"Familia 1. Comunicaciones previas, autorizaciones, acreditaciones, e inscripciones registrales",8,Empresa y comercio,Consejería de Política Industrial y Energía,A01041433,A,True,18/05/2016,
9552,215768,Selección de entidades colaboradoras Orden de 23 de diciembre de 2016,9552 - Selección de entidades colaboradoras Orden de 23 de diciembre de 2016,2,"Familia 2. Subvenciones, becas y premios",25,Energía,Consejería de Política Industrial y Energía,A01041433,A,True,09/01/2017,
9588,215793,"Autorización administrativa previa para instalaciones de producción, distribución y transporte y líneas directas de energía eléctrica","9588 - Autorización administrativa previa para instalaciones de producción, distribución y transporte y líneas directas de energía eléctrica",1,"Familia 1. Comunicaciones previas, autorizaciones, acreditaciones, e inscripciones registrales",25,Energía,Consejería de Política Industrial y Energía,A01041433,A,True,08/03/2017,
10089,215813,Subvención nominativa al Consorcio Fernando de los Ríos para sufragar los gastos de sostenimiento de la red de Acceso Público a Internet para el año 2019,10089 - Subvención nominativa al Consorcio Fernando de los Ríos para sufragar los gastos de sostenimiento de la red de Acceso Público a Internet para el año 2019,2,"Familia 2. Subvenciones, becas y premios",9,Investigacion y tecnologia,Consejería de Política Industrial y Energía,A01041433,A,True,14/03/2017,28/09/2017
10448,235806,"Certificación de personas que instalan, mantienen o revisan equipos o sistemas que contienen gases fluorados","10448 - Certificación de personas que instalan, mantienen o revisan equipos o sistemas que contienen gases fluorados",1,"Familia 1. Comunicaciones previas, autorizaciones, acreditaciones, e inscripciones registrales",8,Empresa y comercio,Consejería de Política Industrial y Energía,A01041433,A,True,18/08/2017,
10449,235807,"Certificación de empresas que instalan, mantienen o revisan equipos o sistemas que contienen gases fluorados de efecto invernadero.","10449 - Certificación de empresas que instalan, mantienen o revisan equipos o sistemas que contienen gases fluorados de efecto invernadero.",1,"Familia 1. Comunicaciones previas, autorizaciones, acreditaciones, e inscripciones registrales",8,Empresa y comercio,Consejería de Política Industrial y Energía,A01041433,A,True,18/08/2017,
10506,216221,Incentivos para el desarrollo energético sostenible de Andalucía en el período 2017-2020. Línea de incentivos Construcción Sostenible.,10506 - Incentivos para el desarrollo energético sostenible de Andalucía en el período 2017-2020. Línea de incentivos Construcción Sostenible.,2,"Familia 2. Subvenciones, becas y premios",25,Energía,Consejería de Política Industrial y Energía,A01041433,A,True,05/05/2017,
10538,223887,Registro de Empresas Acreditadas en la Plataforma MOAD (REAM),10538 - Registro de Empresas Acreditadas en la Plataforma MOAD (REAM),1,"Familia 1. Comunicaciones previas, autorizaciones, acreditaciones, e inscripciones registrales",1,Administracion publica,Consejería de Política Industrial y Energía,A01041433,A,True,29/06/2017,
10647,220324,Incentivos para el desarrollo energético sostenible de Andalucía en el período 2017-2020. Línea incentivos Pyme Sostenible.,10647 - Incentivos para el desarrollo energético sostenible de Andalucía en el período 2017-2020. Línea incentivos Pyme Sostenible.,2,"Familia 2. Subvenciones, becas y premios",25,Energía,Consejería de Política Industrial y Energía,A01041433,A,True,09/06/2017,
11714,235127,Incentivos para el desarrollo energético sostenible de Andalucía en el período 2017-2020. Línea incentivos Redes Inteligentes.,11714 - Incentivos para el desarrollo energético sostenible de Andalucía en el período 2017-2020. Línea incentivos Redes Inteligentes.,2,"Familia 2. Subvenciones, becas y premios",25,Energía,Consejería de Política Industrial y Energía,A01041433,A,True,03/08/2017,
11944,281320,"Autorización administrativa de construcción para instalaciones de producción, distribución y transporte y líneas directas de energía eléctrica","11944 - Autorización administrativa de construcción para instalaciones de producción, distribución y transporte y líneas directas de energía eléctrica",1,"Familia 1. Comunicaciones previas, autorizaciones, acreditaciones, e inscripciones registrales",25,Energía,Consejería de Política Industrial y Energía,A01041433,A,True,28/09/2017,
11954,281328,Autorización de explotación para instalaciones de producción de energía eléctrica  no incluidas las líneas de evacuación,11954 - Autorización de explotación para instalaciones de producción de energía eléctrica  no incluidas las líneas de evacuación,1,"Familia 1. Comunicaciones previas, autorizaciones, acreditaciones, e inscripciones registrales",25,Energía,Consejería de Política Industrial y Energía,A01041433,A,True,28/09/2017,
11955,282382,"Autorización administrativa de transmisión para instalaciones de producción, distribución y transporte, líneas directas de energía eléctrica y líneas que vayan a ser cedidas a empresas de transporte o distribución","11955 - Autorización administrativa de transmisión para instalaciones de producción, distribución y transporte, líneas directas de energía eléctrica y líneas que vayan a ser cedidas a empresas de transporte o distribución",1,"Familia 1. Comunicaciones previas, autorizaciones, acreditaciones, e inscripciones registrales",25,Energía,Consejería de Política Industrial y Energía,A01041433,A,True,29/09/2017,
11963,281321,"Autorización administrativa de cierre para instalaciones de producción, distribución y transporte y líneas directas de energía eléctrica","11963 - Autorización administrativa de cierre para instalaciones de producción, distribución y transporte y líneas directas de energía eléctrica",1,"Familia 1. Comunicaciones previas, autorizaciones, acreditaciones, e inscripciones registrales",25,Energía,Consejería de Política Industrial y Energía,A01041433,A,True,28/09/2017,
11966,281330,Informe de los planes de inversión de las empresas distribuidoras de energía eléctrica que operan en Andalucía,11966 - Informe de los planes de inversión de las empresas distribuidoras de energía eléctrica que operan en Andalucía,1,"Familia 1. Comunicaciones previas, autorizaciones, acreditaciones, e inscripciones registrales",25,Energía,Consejería de Política Industrial y Energía,A01041433,A,True,28/09/2017,
11974,281331,Informe de los planes de inversión de las empresas de transporte de energía eléctrica que operan en Andalucía,11974 - Informe de los planes de inversión de las empresas de transporte de energía eléctrica que operan en Andalucía,1,"Familia 1. Comunicaciones previas, autorizaciones, acreditaciones, e inscripciones registrales",25,Energía,Consejería de Política Industrial y Energía,A01041433,A,True,28/09/2017,
11981,281329,"Declaración en concreto de utilidad publica para instalaciones de producción, distribución y transporte de energía eléctrica","11981 - Declaración en concreto de utilidad publica para instalaciones de producción, distribución y transporte de energía eléctrica",1,"Familia 1. Comunicaciones previas, autorizaciones, acreditaciones, e inscripciones registrales",25,Energía,Consejería de Política Industrial y Energía,A01041433,A,True,28/09/2017,
11996,281324,"Autorización de explotación para instalaciones de distribución y transporte secundario, acometidas (<380kV), líneas directas de energía eléctrica e infraestructuras de evacuación","11996 - Autorización de explotación para instalaciones de distribución y transporte secundario, acometidas (<380kV), líneas directas de energía eléctrica e infraestructuras de evacuación",1,"Familia 1. Comunicaciones previas, autorizaciones, acreditaciones, e inscripciones registrales",25,Energía,Consejería de Política Industrial y Energía,A01041433,A,True,28/09/2017,
12002,282383,Procedimiento de Comunicación de Auditorías Energéticas al Registro Administrativo de Auditorías Energéticas (RAAE) perteneciente al Ministerio competente en materia de energía (actualmente MITECO),12002 - Procedimiento de Comunicación de Auditorías Energéticas al Registro Administrativo de Auditorías Energéticas (RAAE) perteneciente al Ministerio competente en materia de energía (actualmente MITECO),1,"Familia 1. Comunicaciones previas, autorizaciones, acreditaciones, e inscripciones registrales",25,Energía,Consejería de Política Industrial y Energía,A01041433,A,True,29/09/2017,
12022,282384,Reclamación por incidencia en suministro eléctrico,12022 - Reclamación por incidencia en suministro eléctrico,8,"Familia 8. Información, quejas, sugerencias y agradecimientos",25,Energía,Consejería de Política Industrial y Energía,A01041433,A,True,29/09/2017,
12025,282385,"Autorización administrativa previa de instalaciones de almacenamiento, transporte y distribución de gas canalizado","12025 - Autorización administrativa previa de instalaciones de almacenamiento, transporte y distribución de gas canalizado",1,"Familia 1. Comunicaciones previas, autorizaciones, acreditaciones, e inscripciones registrales",25,Energía,Consejería de Política Industrial y Energía,A01041433,A,True,29/09/2017,
12029,282386,Procedimiento de habilitación de proveedores de servicios energéticos (PSE). Comunicación al IDAE (MITECO) para incorporar al Listado de Proveedores de Servicios Energéticos (LPSE),12029 - Procedimiento de habilitación de proveedores de servicios energéticos (PSE). Comunicación al IDAE (MITECO) para incorporar al Listado de Proveedores de Servicios Energéticos (LPSE),1,"Familia 1. Comunicaciones previas, autorizaciones, acreditaciones, e inscripciones registrales",25,Energía,Consejería de Política Industrial y Energía,A01041433,A,True,29/09/2017,
12041,282387,"Autorización de explotación de instalaciones de almacenamiento, transporte y distribución de gas canalizado","12041 - Autorización de explotación de instalaciones de almacenamiento, transporte y distribución de gas canalizado",1,"Familia 1. Comunicaciones previas, autorizaciones, acreditaciones, e inscripciones registrales",25,Energía,Consejería de Política Industrial y Energía,A01041433,A,True,29/09/2017,
12042,282388,"Aprobación del proyecto de ejecución de instalaciones de almacenamiento, transporte y distribución de gas canalizado","12042 - Aprobación del proyecto de ejecución de instalaciones de almacenamiento, transporte y distribución de gas canalizado",1,"Familia 1. Comunicaciones previas, autorizaciones, acreditaciones, e inscripciones registrales",25,Energía,Consejería de Política Industrial y Energía,A01041433,A,True,29/09/2017,
12046,282389,"Autorización administrativa de cierre de instalaciones de almacenamiento, transporte y distribución de gas canalizado","12046 - Autorización administrativa de cierre de instalaciones de almacenamiento, transporte y distribución de gas canalizado",1,"Familia 1. Comunicaciones previas, autorizaciones, acreditaciones, e inscripciones registrales",25,Energía,Consejería de Política Industrial y Energía,A01041433,A,True,29/09/2017,
12059,282390,"Autorización administrativa de transmisión de instalaciones de almacenamiento, transporte y distribución de gas canalizado","12059 - Autorización administrativa de transmisión de instalaciones de almacenamiento, transporte y distribución de gas canalizado",1,"Familia 1. Comunicaciones previas, autorizaciones, acreditaciones, e inscripciones registrales",25,Energía,Consejería de Política Industrial y Energía,A01041433,A,True,29/09/2017,
12062,282391,"Declaración en concreto de utilidad publica para instalaciones de almacenamiento, transporte y distribución de gas canalizado","12062 - Declaración en concreto de utilidad publica para instalaciones de almacenamiento, transporte y distribución de gas canalizado",1,"Familia 1. Comunicaciones previas, autorizaciones, acreditaciones, e inscripciones registrales",25,Energía,Consejería de Política Industrial y Energía,A01041433,A,True,29/09/2017,
12065,282392,Autorización administrativa para la construcción de instalaciones de transporte y almacenamiento de productos petrolíferos,12065 - Autorización administrativa para la construcción de instalaciones de transporte y almacenamiento de productos petrolíferos,1,"Familia 1. Comunicaciones previas, autorizaciones, acreditaciones, e inscripciones registrales",25,Energía,Consejería de Política Industrial y Energía,A01041433,A,True,29/09/2017,
12068,1998456,Autorización de explotación de instalaciones de transporte y almacenamiento de productos petrolíferos,12068 - Autorización de explotación de instalaciones de transporte y almacenamiento de productos petrolíferos,1,"Familia 1. Comunicaciones previas, autorizaciones, acreditaciones, e inscripciones registrales",25,Energía,Consejería de Política Industrial y Energía,A01041433,A,True,13/02/2019,
12083,1998457,Inscripciones en el Registro administrativo de instalaciones de producción de energía eléctrica,12083 - Inscripciones en el Registro administrativo de instalaciones de producción de energía eléctrica,1,"Familia 1. Comunicaciones previas, autorizaciones, acreditaciones, e inscripciones registrales",25,Energía,Consejería de Política Industrial y Energía,A01041433,A,True,13/02/2019,
12099,287495,Reclamación por discrepancia en el acceso y conexión a redes eléctricas,12099 - Reclamación por discrepancia en el acceso y conexión a redes eléctricas,8,"Familia 8. Información, quejas, sugerencias y agradecimientos",25,Energía,Consejería de Política Industrial y Energía,A01041433,A,True,11/10/2017,
12446,687399,Catalogación de vehículos históricos,12446 - Catalogación de vehículos históricos,1,"Familia 1. Comunicaciones previas, autorizaciones, acreditaciones, e inscripciones registrales",8,Empresa y comercio,Consejería de Política Industrial y Energía,A01041433,A,True,12/01/2018,22/10/2024
12589,687369,"Habilitación profesional para ejercer la actividad de taller de reparación de vehículos automóviles, de sus equipos y componentes","12589 - Habilitación profesional para ejercer la actividad de taller de reparación de vehículos automóviles, de sus equipos y componentes",1,"Familia 1. Comunicaciones previas, autorizaciones, acreditaciones, e inscripciones registrales",8,Empresa y comercio,Consejería de Política Industrial y Energía,A01041433,A,True,09/01/2018,
12679,687659,Asignación de contraseña ADR,12679 - Asignación de contraseña ADR,1,"Familia 1. Comunicaciones previas, autorizaciones, acreditaciones, e inscripciones registrales",8,Empresa y comercio,Consejería de Política Industrial y Energía,A01041433,A,True,17/01/2018,
12682,687662,Asignación de contraseña ATP,12682 - Asignación de contraseña ATP,1,"Familia 1. Comunicaciones previas, autorizaciones, acreditaciones, e inscripciones registrales",8,Empresa y comercio,Consejería de Política Industrial y Energía,A01041433,A,True,17/01/2018,
12700,687660,Concesión de certificado de conformidad ADR,12700 - Concesión de certificado de conformidad ADR,1,"Familia 1. Comunicaciones previas, autorizaciones, acreditaciones, e inscripciones registrales",8,Empresa y comercio,Consejería de Política Industrial y Energía,A01041433,A,True,17/01/2018,
13031,687806,Comunicación de las actuaciones de los organismos de control,13031 - Comunicación de las actuaciones de los organismos de control,1,"Familia 1. Comunicaciones previas, autorizaciones, acreditaciones, e inscripciones registrales",8,Empresa y comercio,Consejería de Política Industrial y Energía,A01041433,A,True,31/01/2018,
13037,687787,"Designación de organismos notificados, de control metrológico o autorizados de verificación metrológica","13037 - Designación de organismos notificados, de control metrológico o autorizados de verificación metrológica",1,"Familia 1. Comunicaciones previas, autorizaciones, acreditaciones, e inscripciones registrales",8,Empresa y comercio,Consejería de Política Industrial y Energía,A01041433,A,True,30/01/2018,
13038,687807,Autorización de laboratorios de ensayo y contraste de objetos fabricados con metales preciosos,13038 - Autorización de laboratorios de ensayo y contraste de objetos fabricados con metales preciosos,1,"Familia 1. Comunicaciones previas, autorizaciones, acreditaciones, e inscripciones registrales",8,Empresa y comercio,Consejería de Política Industrial y Energía,A01041433,A,True,31/01/2018,
13041,687805,Comunicación de cambio de empresa conservadora de ascensores,13041 - Comunicación de cambio de empresa conservadora de ascensores,1,"Familia 1. Comunicaciones previas, autorizaciones, acreditaciones, e inscripciones registrales",8,Empresa y comercio,Consejería de Política Industrial y Energía,A01041433,A,True,31/01/2018,
13063,687841,"Comunicación de la actividad de fabricación, importación, comercialización o cesión en arrendamiento de instrumentos sometidos a control metrológico, e inscripción en el Registro de Control Metrológico","13063 - Comunicación de la actividad de fabricación, importación, comercialización o cesión en arrendamiento de instrumentos sometidos a control metrológico, e inscripción en el Registro de Control Metrológico",1,"Familia 1. Comunicaciones previas, autorizaciones, acreditaciones, e inscripciones registrales",8,Empresa y comercio,Consejería de Política Industrial y Energía,A01041433,A,True,06/02/2018,
13085,687818,Autorización para centros técnicos de tacógrafos,13085 - Autorización para centros técnicos de tacógrafos,1,"Familia 1. Comunicaciones previas, autorizaciones, acreditaciones, e inscripciones registrales",8,Empresa y comercio,Consejería de Política Industrial y Energía,A01041433,A,True,01/02/2018,
13092,687817,Autorización de entidades y talleres de dispositivos de limitación de velocidad,13092 - Autorización de entidades y talleres de dispositivos de limitación de velocidad,1,"Familia 1. Comunicaciones previas, autorizaciones, acreditaciones, e inscripciones registrales",8,Empresa y comercio,Consejería de Política Industrial y Energía,A01041433,A,True,01/02/2018,
13102,687815,Autorización de verificadores de medidas eléctricas,13102 - Autorización de verificadores de medidas eléctricas,1,"Familia 1. Comunicaciones previas, autorizaciones, acreditaciones, e inscripciones registrales",8,Empresa y comercio,Consejería de Política Industrial y Energía,A01041433,A,True,01/02/2018,
13103,687816,Autorización de uso para contador de medidas eléctricas,13103 - Autorización de uso para contador de medidas eléctricas,1,"Familia 1. Comunicaciones previas, autorizaciones, acreditaciones, e inscripciones registrales",8,Empresa y comercio,Consejería de Política Industrial y Energía,A01041433,A,True,01/02/2018,
13152,687839,Solicitud de participación en exámenes para la habilitación profesional y la obtención de carnés de instaladores,13152 - Solicitud de participación en exámenes para la habilitación profesional y la obtención de carnés de instaladores,1,"Familia 1. Comunicaciones previas, autorizaciones, acreditaciones, e inscripciones registrales",8,Empresa y comercio,Consejería de Política Industrial y Energía,A01041433,A,True,05/02/2018,
13168,687971,Declaración y registro de equipos e instalaciones de rayos X con fines de diagnóstico médico,13168 - Declaración y registro de equipos e instalaciones de rayos X con fines de diagnóstico médico,1,"Familia 1. Comunicaciones previas, autorizaciones, acreditaciones, e inscripciones registrales",8,Empresa y comercio,Consejería de Política Industrial y Energía,A01041433,A,True,12/02/2018,
13278,688031,Solicitud de expedición de la habilitación profesional para gruistas (grúas torre y grúas móviles autopropulsadas).,13278 - Solicitud de expedición de la habilitación profesional para gruistas (grúas torre y grúas móviles autopropulsadas).,1,"Familia 1. Comunicaciones previas, autorizaciones, acreditaciones, e inscripciones registrales",8,Empresa y comercio,Consejería de Política Industrial y Energía,A01041433,A,True,14/02/2018,
13357,715892,Declaración responsable para el acceso a la actividad de centro de formación de operadores de grúas torre y operadores de grúas móviles autopropulsadas.,13357 - Declaración responsable para el acceso a la actividad de centro de formación de operadores de grúas torre y operadores de grúas móviles autopropulsadas.,1,"Familia 1. Comunicaciones previas, autorizaciones, acreditaciones, e inscripciones registrales",8,Empresa y comercio,Consejería de Política Industrial y Energía,A01041433,A,True,27/02/2018,
13558,750576,Habilitación de los Servicios Técnicos de Vehículos Históricos,13558 - Habilitación de los Servicios Técnicos de Vehículos Históricos,1,"Familia 1. Comunicaciones previas, autorizaciones, acreditaciones, e inscripciones registrales",8,Empresa y comercio,Consejería de Política Industrial y Energía,A01041433,A,True,06/03/2018,
13777,786352,Certificación de operario cualificado para instalación y/o mantenimiento de instalaciones de protección contra incendios,13777 - Certificación de operario cualificado para instalación y/o mantenimiento de instalaciones de protección contra incendios,1,"Familia 1. Comunicaciones previas, autorizaciones, acreditaciones, e inscripciones registrales",8,Empresa y comercio,Consejería de Política Industrial y Energía,A01041433,A,True,26/03/2018,
13778,786358,Notificación a presentar por el industrial afectado por el RD por el que se aprueban medidas de control de los riesgos inherentes a los accidentes graves en los que intervengan sustancias peligrosas,13778 - Notificación a presentar por el industrial afectado por el RD por el que se aprueban medidas de control de los riesgos inherentes a los accidentes graves en los que intervengan sustancias peligrosas,1,"Familia 1. Comunicaciones previas, autorizaciones, acreditaciones, e inscripciones registrales",8,Empresa y comercio,Consejería de Política Industrial y Energía,A01041433,A,True,26/03/2018,
13780,786354,Evaluación de Informe de Seguridad según RD por el que se aprueban medidas de control de los riesgos inherentes a los accidentes graves en los que intervengan sustancias peligrosas,13780 - Evaluación de Informe de Seguridad según RD por el que se aprueban medidas de control de los riesgos inherentes a los accidentes graves en los que intervengan sustancias peligrosas,1,"Familia 1. Comunicaciones previas, autorizaciones, acreditaciones, e inscripciones registrales",8,Empresa y comercio,Consejería de Política Industrial y Energía,A01041433,A,True,26/03/2018,
13781,786356,Habilitación de organismos de control. Presentación Declaración Responsable.,13781 - Habilitación de organismos de control. Presentación Declaración Responsable.,1,"Familia 1. Comunicaciones previas, autorizaciones, acreditaciones, e inscripciones registrales",8,Empresa y comercio,Consejería de Política Industrial y Energía,A01041433,A,True,26/03/2018,
13807,1256975,Autorización administrativa previa de extensiones de redes existentes de gases combustibles canalizados.,13807 - Autorización administrativa previa de extensiones de redes existentes de gases combustibles canalizados.,1,"Familia 1. Comunicaciones previas, autorizaciones, acreditaciones, e inscripciones registrales",25,Energía,Consejería de Política Industrial y Energía,A01041433,A,True,15/06/2018,
13810,1256977,Autorización administrativa previa de acometidas gasistas.,13810 - Autorización administrativa previa de acometidas gasistas.,1,"Familia 1. Comunicaciones previas, autorizaciones, acreditaciones, e inscripciones registrales",25,Energía,Consejería de Política Industrial y Energía,A01041433,A,True,15/06/2018,
13811,1324919,Concurrencia para la distribución de gas combustible canalizado. Inicio de oficio.,13811 - Concurrencia para la distribución de gas combustible canalizado. Inicio de oficio.,1,"Familia 1. Comunicaciones previas, autorizaciones, acreditaciones, e inscripciones registrales",25,Energía,Consejería de Política Industrial y Energía,A01041433,A,True,16/07/2018,
13812,1256972,Concurrencia para la distribución de gas combustible canalizado. Inicio a instancia de parte.,13812 - Concurrencia para la distribución de gas combustible canalizado. Inicio a instancia de parte.,1,"Familia 1. Comunicaciones previas, autorizaciones, acreditaciones, e inscripciones registrales",25,Energía,Consejería de Política Industrial y Energía,A01041433,A,True,15/06/2018,
14323,1017801,Autorización de empresas o entidades para la venta y asistencia técnica de equipos e instalaciones de rayos X con fines de diagnóstico médico (EVAT).,14323 - Autorización de empresas o entidades para la venta y asistencia técnica de equipos e instalaciones de rayos X con fines de diagnóstico médico (EVAT).,1,"Familia 1. Comunicaciones previas, autorizaciones, acreditaciones, e inscripciones registrales",8,Empresa y comercio,Consejería de Política Industrial y Energía,A01041433,A,True,30/04/2018,
14401,1031699,Reparador de instrumentos de medida sometidos al control metrológico,14401 - Reparador de instrumentos de medida sometidos al control metrológico,1,"Familia 1. Comunicaciones previas, autorizaciones, acreditaciones, e inscripciones registrales",8,Empresa y comercio,Consejería de Política Industrial y Energía,A01041433,A,True,04/05/2018,
14861,1814205,Ayudas para la concesión de subvenciones en régimen de concurrencia competitiva a la extensión de la cobertura de redes de banda ancha de nueva generación,14861 - Ayudas para la concesión de subvenciones en régimen de concurrencia competitiva a la extensión de la cobertura de redes de banda ancha de nueva generación,2,"Familia 2. Subvenciones, becas y premios",9,Investigacion y tecnologia,Consejería de Política Industrial y Energía,A01041433,A,True,25/09/2018,
15230,1286286,Habilitación de Entidades que desarrollen actividades de impartición de cursos conducentes a la habilitación de operarios cualificados para sistemas de protección contra incendios,15230 - Habilitación de Entidades que desarrollen actividades de impartición de cursos conducentes a la habilitación de operarios cualificados para sistemas de protección contra incendios,1,"Familia 1. Comunicaciones previas, autorizaciones, acreditaciones, e inscripciones registrales",8,Empresa y comercio,Consejería de Política Industrial y Energía,A01041433,A,True,02/07/2018,
15476,1349921,Acreditación entidades de formación autorizadas en el reglamento de instalaciones térmicas en los edificios.,15476 - Acreditación entidades de formación autorizadas en el reglamento de instalaciones térmicas en los edificios.,1,"Familia 1. Comunicaciones previas, autorizaciones, acreditaciones, e inscripciones registrales",25,Energía,Consejería de Política Industrial y Energía,A01041433,A,True,17/07/2018,
17210,1997958,Solicitud de trámites en proyectos existentes. Incentivos Regionales.,17210 - Solicitud de trámites en proyectos existentes. Incentivos Regionales.,2,"Familia 2. Subvenciones, becas y premios",8,Empresa y comercio,Consejería de Política Industrial y Energía,A01041433,A,True,30/01/2019,
17215,2085542,Modificación del proyecto. Incentivos Regionales.,17215 - Modificación del proyecto. Incentivos Regionales.,2,"Familia 2. Subvenciones, becas y premios",8,Empresa y comercio,Consejería de Política Industrial y Energía,A01041433,A,True,30/04/2019,
17218,1997961,Solicitud de cobro de subvención. Incentivos Regionales.,17218 - Solicitud de cobro de subvención. Incentivos Regionales.,2,"Familia 2. Subvenciones, becas y premios",8,Empresa y comercio,Consejería de Política Industrial y Energía,A01041433,A,True,30/01/2019,
17219,1997959,Solicitud de beneficios de Incentivos Regionales.,17219 - Solicitud de beneficios de Incentivos Regionales.,2,"Familia 2. Subvenciones, becas y premios",8,Empresa y comercio,Consejería de Política Industrial y Energía,A01041433,A,True,30/01/2019,
17220,1997960,Solicitud de modificación de plazo. Incentivos Regionales.,17220 - Solicitud de modificación de plazo. Incentivos Regionales.,2,"Familia 2. Subvenciones, becas y premios",8,Empresa y comercio,Consejería de Política Industrial y Energía,A01041433,A,True,30/01/2019,
17221,2085543,Cambio de titularidad del proyecto. Incentivos Regionales.,17221 - Cambio de titularidad del proyecto. Incentivos Regionales.,2,"Familia 2. Subvenciones, becas y premios",8,Empresa y comercio,Consejería de Política Industrial y Energía,A01041433,A,True,30/04/2019,
17828,2085442,"Convocatoria de incentivos de mejora energética del transporte en Andalucía (MOVES, MOVES II, MOVES III y MOVES III 2025)","17828 - Convocatoria de incentivos de mejora energética del transporte en Andalucía (MOVES, MOVES II, MOVES III y MOVES III 2025)",2,"Familia 2. Subvenciones, becas y premios",25,Energía,Consejería de Política Industrial y Energía,A01041433,A,True,26/04/2019,
18138,2087415,Actividades Mineras: Explotación recursos de la Sección A),18138 - Actividades Mineras: Explotación recursos de la Sección A),1,"Familia 1. Comunicaciones previas, autorizaciones, acreditaciones, e inscripciones registrales",8,Empresa y comercio,Consejería de Política Industrial y Energía,A01041433,A,True,20/05/2019,
18139,2087416,Actividades Mineras: Permiso de Investigación recursos de la Sección C) o D),18139 - Actividades Mineras: Permiso de Investigación recursos de la Sección C) o D),1,"Familia 1. Comunicaciones previas, autorizaciones, acreditaciones, e inscripciones registrales",8,Empresa y comercio,Consejería de Política Industrial y Energía,A01041433,A,True,20/05/2019,
18140,2087418,Actividades Mineras: Concesión Derivada de Explotación de la Sección C) o D),18140 - Actividades Mineras: Concesión Derivada de Explotación de la Sección C) o D),1,"Familia 1. Comunicaciones previas, autorizaciones, acreditaciones, e inscripciones registrales",8,Empresa y comercio,Consejería de Política Industrial y Energía,A01041433,A,True,20/05/2019,
18141,2087417,Actividades Mineras: Concesión Directa de Explotación de la Sección C) o D),18141 - Actividades Mineras: Concesión Directa de Explotación de la Sección C) o D),1,"Familia 1. Comunicaciones previas, autorizaciones, acreditaciones, e inscripciones registrales",8,Empresa y comercio,Consejería de Política Industrial y Energía,A01041433,A,True,20/05/2019,
18145,2092503,"Actividades Mineras: Prórroga Permiso de Investigación, recursos de la Sección C) o D)","18145 - Actividades Mineras: Prórroga Permiso de Investigación, recursos de la Sección C) o D)",1,"Familia 1. Comunicaciones previas, autorizaciones, acreditaciones, e inscripciones registrales",8,Empresa y comercio,Consejería de Política Industrial y Energía,A01041433,A,True,21/05/2019,
18147,2092505,"Actividades Mineras: Prorroga Concesión de Explotación, recursos de la Sección C) o D)","18147 - Actividades Mineras: Prorroga Concesión de Explotación, recursos de la Sección C) o D)",1,"Familia 1. Comunicaciones previas, autorizaciones, acreditaciones, e inscripciones registrales",8,Empresa y comercio,Consejería de Política Industrial y Energía,A01041433,A,True,21/05/2019,
18148,2092504,Actividades Mineras: Declaración de agua minerales o termales,18148 - Actividades Mineras: Declaración de agua minerales o termales,1,"Familia 1. Comunicaciones previas, autorizaciones, acreditaciones, e inscripciones registrales",8,Empresa y comercio,Consejería de Política Industrial y Energía,A01041433,A,True,21/05/2019,
18149,2092507,Actividades mineras: Aprovechamiento de agua minerales o termales,18149 - Actividades mineras: Aprovechamiento de agua minerales o termales,1,"Familia 1. Comunicaciones previas, autorizaciones, acreditaciones, e inscripciones registrales",8,Empresa y comercio,Consejería de Política Industrial y Energía,A01041433,A,True,21/05/2019,
18150,2092508,Actividades mineras: Declaración de yacimiento de origen no natural,18150 - Actividades mineras: Declaración de yacimiento de origen no natural,1,"Familia 1. Comunicaciones previas, autorizaciones, acreditaciones, e inscripciones registrales",8,Empresa y comercio,Consejería de Política Industrial y Energía,A01041433,A,True,21/05/2019,
18151,2092509,Actividades mineras: Autorización de yacimiento de origen no natural,18151 - Actividades mineras: Autorización de yacimiento de origen no natural,1,"Familia 1. Comunicaciones previas, autorizaciones, acreditaciones, e inscripciones registrales",8,Empresa y comercio,Consejería de Política Industrial y Energía,A01041433,A,True,21/05/2019,
18153,2092510,"Actividades mineras: Caducidad de cualquier derecho minero, a petición del titular.","18153 - Actividades mineras: Caducidad de cualquier derecho minero, a petición del titular.",1,"Familia 1. Comunicaciones previas, autorizaciones, acreditaciones, e inscripciones registrales",8,Empresa y comercio,Consejería de Política Industrial y Energía,A01041433,A,True,21/05/2019,
18494,2450388,"Solicitud de inscripción en el registro administrativo de autoconsumo al amparo de lo regulado en el Real Decreto 244/2019, de 5 de abril.","18494 - Solicitud de inscripción en el registro administrativo de autoconsumo al amparo de lo regulado en el Real Decreto 244/2019, de 5 de abril.",1,"Familia 1. Comunicaciones previas, autorizaciones, acreditaciones, e inscripciones registrales",25,Energía,Consejería de Política Industrial y Energía,A01041433,A,True,02/07/2019,
18578,2179823,Convocatoria incentivos eficiencia energética industria,18578 - Convocatoria incentivos eficiencia energética industria,2,"Familia 2. Subvenciones, becas y premios",25,Energía,Consejería de Política Industrial y Energía,A01041433,A,True,28/08/2019,
20331,2263158,Actividades mineras: Autorización para la ejecución de Sondeos para captación de agua subterránea,20331 - Actividades mineras: Autorización para la ejecución de Sondeos para captación de agua subterránea,1,"Familia 1. Comunicaciones previas, autorizaciones, acreditaciones, e inscripciones registrales",8,Empresa y comercio,Consejería de Política Industrial y Energía,A01041433,A,True,13/02/2020,
20552,2264431,Actividades mineras: Comunicación de la designación de Director Facultativo en actividades mineras y/o aceptación.,20552 - Actividades mineras: Comunicación de la designación de Director Facultativo en actividades mineras y/o aceptación.,1,"Familia 1. Comunicaciones previas, autorizaciones, acreditaciones, e inscripciones registrales",8,Empresa y comercio,Consejería de Política Industrial y Energía,A01041433,A,True,24/02/2020,
20555,2264432,Actividades Mineras: Concurso de terrenos comprendidos en derechos mineros caducados de la Sección C) o D),20555 - Actividades Mineras: Concurso de terrenos comprendidos en derechos mineros caducados de la Sección C) o D),1,"Familia 1. Comunicaciones previas, autorizaciones, acreditaciones, e inscripciones registrales",8,Empresa y comercio,Consejería de Política Industrial y Energía,A01041433,A,True,24/02/2020,
20559,2264430,"Actividades mineras: Comunicados de los Accidentes de Trabajo, Partes Mensuales, Trimestrales y Anuales de Accidentes y Enfermedades Profesionales en el Ámbito de la Minería","20559 - Actividades mineras: Comunicados de los Accidentes de Trabajo, Partes Mensuales, Trimestrales y Anuales de Accidentes y Enfermedades Profesionales en el Ámbito de la Minería",1,"Familia 1. Comunicaciones previas, autorizaciones, acreditaciones, e inscripciones registrales",8,Empresa y comercio,Consejería de Política Industrial y Energía,A01041433,A,True,24/02/2020,
21208,2300151,Declaración de actividades laborales con especial exposición a la radiación natural,21208 - Declaración de actividades laborales con especial exposición a la radiación natural,1,"Familia 1. Comunicaciones previas, autorizaciones, acreditaciones, e inscripciones registrales",8,Empresa y comercio,Consejería de Política Industrial y Energía,A01041433,A,True,22/04/2020,
21209,2300153,"Informe anual de las actividades realizadas por los organismos notificados, de control metrológico y autorizados de verificación metrológica.","21209 - Informe anual de las actividades realizadas por los organismos notificados, de control metrológico y autorizados de verificación metrológica.",1,"Familia 1. Comunicaciones previas, autorizaciones, acreditaciones, e inscripciones registrales",8,Empresa y comercio,Consejería de Política Industrial y Energía,A01041433,A,True,22/04/2020,
21211,2300152,Comunicación de la actividad de fabricación o importación de objetos de metales preciosos,21211 - Comunicación de la actividad de fabricación o importación de objetos de metales preciosos,1,"Familia 1. Comunicaciones previas, autorizaciones, acreditaciones, e inscripciones registrales",8,Empresa y comercio,Consejería de Política Industrial y Energía,A01041433,A,True,22/04/2020,
21763,2307483,Reclamación de suministro no doméstico de agua.,21763 - Reclamación de suministro no doméstico de agua.,8,"Familia 8. Información, quejas, sugerencias y agradecimientos",8,Empresa y comercio,Consejería de Política Industrial y Energía,A01041433,A,True,26/05/2020,
21764,2309337,Solicitud de numeración de precintos para los reparadores de instrumentos de medida sometidos a control metrológico y para los organismos autorizados de verificación metrológica.,21764 - Solicitud de numeración de precintos para los reparadores de instrumentos de medida sometidos a control metrológico y para los organismos autorizados de verificación metrológica.,1,"Familia 1. Comunicaciones previas, autorizaciones, acreditaciones, e inscripciones registrales",8,Empresa y comercio,Consejería de Política Industrial y Energía,A01041433,A,True,05/06/2020,
21771,2309334,Intervención de los laboratorios autorizados para el ensayo y contraste de metales preciosos,21771 - Intervención de los laboratorios autorizados para el ensayo y contraste de metales preciosos,1,"Familia 1. Comunicaciones previas, autorizaciones, acreditaciones, e inscripciones registrales",8,Empresa y comercio,Consejería de Política Industrial y Energía,A01041433,A,True,05/06/2020,
21773,2309343,"Comunicaciones de las actuaciones realizadas por los organismos notificados, de control metrológicos o autorizados de verificación metrológica.","21773 - Comunicaciones de las actuaciones realizadas por los organismos notificados, de control metrológicos o autorizados de verificación metrológica.",1,"Familia 1. Comunicaciones previas, autorizaciones, acreditaciones, e inscripciones registrales",8,Empresa y comercio,Consejería de Política Industrial y Energía,A01041433,A,True,05/06/2020,
21777,2309336,"Comunicaciones de los centros de formación autorizados de profesionales de gases fluorados, gruistas (grúas torre y grúas móviles autopropulsadas) y operarios cualificados para sistemas de protección contra incendios (PCI)","21777 - Comunicaciones de los centros de formación autorizados de profesionales de gases fluorados, gruistas (grúas torre y grúas móviles autopropulsadas) y operarios cualificados para sistemas de protección contra incendios (PCI)",1,"Familia 1. Comunicaciones previas, autorizaciones, acreditaciones, e inscripciones registrales",8,Empresa y comercio,Consejería de Política Industrial y Energía,A01041433,A,True,05/06/2020,
21784,2309242,"Comunicación de accidentes en instalaciones de seguridad industrial (Ascensores, Equipos a Presión, Incendios en establecimientos industriales, Instalaciones Frigoríficas, APQ)","21784 - Comunicación de accidentes en instalaciones de seguridad industrial (Ascensores, Equipos a Presión, Incendios en establecimientos industriales, Instalaciones Frigoríficas, APQ)",1,"Familia 1. Comunicaciones previas, autorizaciones, acreditaciones, e inscripciones registrales",8,Empresa y comercio,Consejería de Política Industrial y Energía,A01041433,A,True,04/06/2020,
21787,2309243,Comunicación previa al desmantelamiento de una instalación frigorífica.,21787 - Comunicación previa al desmantelamiento de una instalación frigorífica.,1,"Familia 1. Comunicaciones previas, autorizaciones, acreditaciones, e inscripciones registrales",8,Empresa y comercio,Consejería de Política Industrial y Energía,A01041433,A,True,04/06/2020,
21789,2309241,Comunicación de fugas de refrigerantes fluorados en instalaciones frigoríficas,21789 - Comunicación de fugas de refrigerantes fluorados en instalaciones frigoríficas,1,"Familia 1. Comunicaciones previas, autorizaciones, acreditaciones, e inscripciones registrales",8,Empresa y comercio,Consejería de Política Industrial y Energía,A01041433,A,True,04/06/2020,
21798,2309341,"Supervisión de las actuaciones de los Organismos de Control (Exclusividad, discrepancias, etc)","21798 - Supervisión de las actuaciones de los Organismos de Control (Exclusividad, discrepancias, etc)",1,"Familia 1. Comunicaciones previas, autorizaciones, acreditaciones, e inscripciones registrales",8,Empresa y comercio,Consejería de Política Industrial y Energía,A01041433,A,True,05/06/2020,
21831,2309416,Autorización de soluciones alternativas de seguridad equivalente en Reglamentos de Seguridad Industrial,21831 - Autorización de soluciones alternativas de seguridad equivalente en Reglamentos de Seguridad Industrial,1,"Familia 1. Comunicaciones previas, autorizaciones, acreditaciones, e inscripciones registrales",8,Empresa y comercio,Consejería de Política Industrial y Energía,A01041433,A,True,08/06/2020,
21835,2309335,Comunicación de las memorias anuales de los Organismos de Control.,21835 - Comunicación de las memorias anuales de los Organismos de Control.,1,"Familia 1. Comunicaciones previas, autorizaciones, acreditaciones, e inscripciones registrales",8,Empresa y comercio,Consejería de Política Industrial y Energía,A01041433,A,True,05/06/2020,
21845,2309340,Alta usuario Administrador único de SIOCA,21845 - Alta usuario Administrador único de SIOCA,1,"Familia 1. Comunicaciones previas, autorizaciones, acreditaciones, e inscripciones registrales",8,Empresa y comercio,Consejería de Política Industrial y Energía,A01041433,A,True,05/06/2020,
21861,2309419,"Autorización de estaciones ITV. Nuevas, ampliaciones y reformas de líneas de inspección.","21861 - Autorización de estaciones ITV. Nuevas, ampliaciones y reformas de líneas de inspección.",1,"Familia 1. Comunicaciones previas, autorizaciones, acreditaciones, e inscripciones registrales",8,Empresa y comercio,Consejería de Política Industrial y Energía,A01041433,A,True,08/06/2020,
22001,2308916,Equipos a presión en servicio: Comunicación de puesta en servicio tras defecto grave.,22001 - Equipos a presión en servicio: Comunicación de puesta en servicio tras defecto grave.,1,"Familia 1. Comunicaciones previas, autorizaciones, acreditaciones, e inscripciones registrales",8,Empresa y comercio,Consejería de Política Industrial y Energía,A01041433,A,True,02/06/2020,
22002,2309338,Equipos a presión en servicio: Autorización de pruebas sustitutivas o condiciones de inspección alternativas.,22002 - Equipos a presión en servicio: Autorización de pruebas sustitutivas o condiciones de inspección alternativas.,1,"Familia 1. Comunicaciones previas, autorizaciones, acreditaciones, e inscripciones registrales",8,Empresa y comercio,Consejería de Política Industrial y Energía,A01041433,A,True,05/06/2020,
22006,2309082,Cambio de titularidad en instalaciones industriales,22006 - Cambio de titularidad en instalaciones industriales,1,"Familia 1. Comunicaciones previas, autorizaciones, acreditaciones, e inscripciones registrales",8,Empresa y comercio,Consejería de Política Industrial y Energía,A01041433,A,True,03/06/2020,
22060,2309418,Solicitud de antecedentes de vehículos,22060 - Solicitud de antecedentes de vehículos,1,"Familia 1. Comunicaciones previas, autorizaciones, acreditaciones, e inscripciones registrales",8,Empresa y comercio,Consejería de Política Industrial y Energía,A01041433,A,True,08/06/2020,
22098,2309417,Cambio de titularidad en establecimientos industriales,22098 - Cambio de titularidad en establecimientos industriales,1,"Familia 1. Comunicaciones previas, autorizaciones, acreditaciones, e inscripciones registrales",8,Empresa y comercio,Consejería de Política Industrial y Energía,A01041433,A,True,08/06/2020,
22120,2309457,Comunicación de puesta en funcionamiento de un ascensor que fue dejado fuera de servicio después de un accidente.,22120 - Comunicación de puesta en funcionamiento de un ascensor que fue dejado fuera de servicio después de un accidente.,1,"Familia 1. Comunicaciones previas, autorizaciones, acreditaciones, e inscripciones registrales",8,Empresa y comercio,Consejería de Política Industrial y Energía,A01041433,A,True,09/06/2020,
22121,2309459,Solicitud de reconocimiento de la situación de excepcionalidad para la instalación o modificación de un ascensor en relación a los espacios libres o refugios (foso o huida reducida).,22121 - Solicitud de reconocimiento de la situación de excepcionalidad para la instalación o modificación de un ascensor en relación a los espacios libres o refugios (foso o huida reducida).,1,"Familia 1. Comunicaciones previas, autorizaciones, acreditaciones, e inscripciones registrales",8,Empresa y comercio,Consejería de Política Industrial y Energía,A01041433,A,True,09/06/2020,
22123,2309460,Inspección y supervisión en materia de Industria,22123 - Inspección y supervisión en materia de Industria,1,"Familia 1. Comunicaciones previas, autorizaciones, acreditaciones, e inscripciones registrales",8,Empresa y comercio,Consejería de Política Industrial y Energía,A01041433,A,True,09/06/2020,
22124,2309458,Denuncias en materia de Industria,22124 - Denuncias en materia de Industria,1,"Familia 1. Comunicaciones previas, autorizaciones, acreditaciones, e inscripciones registrales",8,Empresa y comercio,Consejería de Política Industrial y Energía,A01041433,A,True,09/06/2020,
22175,2310017,Intervención de las estaciones de ITV,22175 - Intervención de las estaciones de ITV,1,"Familia 1. Comunicaciones previas, autorizaciones, acreditaciones, e inscripciones registrales",8,Empresa y comercio,Consejería de Política Industrial y Energía,A01041433,A,True,12/06/2020,
22176,2310018,Autorización de retroquelado del número de bastidor,22176 - Autorización de retroquelado del número de bastidor,1,"Familia 1. Comunicaciones previas, autorizaciones, acreditaciones, e inscripciones registrales",8,Empresa y comercio,Consejería de Política Industrial y Energía,A01041433,A,True,12/06/2020,
22194,2310407,Sancionador en materia de industria.,22194 - Sancionador en materia de industria.,6,Familia 6. Sancionadores,8,Empresa y comercio,Consejería de Política Industrial y Energía,A01041433,A,True,16/06/2020,
23175,2328324,Exención de la obligación de instalar sistemas de contabilización individualizada en instalaciones térmicas centralizadas de edificios,23175 - Exención de la obligación de instalar sistemas de contabilización individualizada en instalaciones térmicas centralizadas de edificios,1,"Familia 1. Comunicaciones previas, autorizaciones, acreditaciones, e inscripciones registrales",25,Energía,Consejería de Política Industrial y Energía,A01041433,A,True,10/09/2020,
23524,2405242,"Programa Rehabilitación Energética Edificios (PREE) existentes en Andalucía, y se regula concesión directa de las ayudas de este programa a las comunidades autónomas y las ciudades de Ceuta y Melilla.","23524 - Programa Rehabilitación Energética Edificios (PREE) existentes en Andalucía, y se regula concesión directa de las ayudas de este programa a las comunidades autónomas y las ciudades de Ceuta y Melilla.",2,"Familia 2. Subvenciones, becas y premios",25,Energía,Consejería de Política Industrial y Energía,A01041433,A,True,13/10/2020,
23538,2346342,RECURSOS ADMINISTRATIVO EN MATERIA DE MINAS,23538 - RECURSOS ADMINISTRATIVO EN MATERIA DE MINAS,12,"Familia 12. Convenios, responsabilidad patrimonial y revisión de la actuación administrativa",5,Economía y tributos,Consejería de Política Industrial y Energía,A01041433,A,True,14/10/2020,
23735,2350265,Recurso administrativo industria,23735 - Recurso administrativo industria,12,"Familia 12. Convenios, responsabilidad patrimonial y revisión de la actuación administrativa",8,Empresa y comercio,Consejería de Política Industrial y Energía,A01041433,A,True,26/10/2020,
23926,2351874,Procedimiento para remisión de Tarjetas ITV reformadas al archivo provincial de vehículos,23926 - Procedimiento para remisión de Tarjetas ITV reformadas al archivo provincial de vehículos,1,"Familia 1. Comunicaciones previas, autorizaciones, acreditaciones, e inscripciones registrales",8,Empresa y comercio,Consejería de Política Industrial y Energía,A01041433,A,True,16/11/2020,
24493,2410236,Solicitud de pronunciamiento sobre la adecuada constitución de una garantía para la tramitación del permiso de acceso y conexión de una instalación de producción de energía eléctrica.,24493 - Solicitud de pronunciamiento sobre la adecuada constitución de una garantía para la tramitación del permiso de acceso y conexión de una instalación de producción de energía eléctrica.,1,"Familia 1. Comunicaciones previas, autorizaciones, acreditaciones, e inscripciones registrales",25,Energía,Consejería de Política Industrial y Energía,A01041433,A,True,26/02/2021,
24636,2414532,Convocatoria programa eficiencia energética explotaciones agropecuarias,24636 - Convocatoria programa eficiencia energética explotaciones agropecuarias,2,"Familia 2. Subvenciones, becas y premios",25,Energía,Consejería de Política Industrial y Energía,A01041433,A,True,30/04/2021,
24726,2451429,Convocatoria programas Autoconsumo,24726 - Convocatoria programas Autoconsumo,2,"Familia 2. Subvenciones, becas y premios",25,Energía,Consejería de Política Industrial y Energía,A01041433,A,True,29/07/2021,
24747,2636905,Concesión de Incentivos Complementarios de los Incentivos Económicos Regionales,24747 - Concesión de Incentivos Complementarios de los Incentivos Económicos Regionales,2,"Familia 2. Subvenciones, becas y premios",8,Empresa y comercio,Consejería de Política Industrial y Energía,A01041433,A,True,20/09/2021,
24779,2510049,Programa de ayudas para actuaciones de rehabilitación energética para edificios existentes en municipios de reto demográfico (Programa PREE5000).,24779 - Programa de ayudas para actuaciones de rehabilitación energética para edificios existentes en municipios de reto demográfico (Programa PREE5000).,2,"Familia 2. Subvenciones, becas y premios",25,Energía,Consejería de Política Industrial y Energía,A01041433,A,True,15/10/2021,
24797,2509580,Actividades mineras: Permiso de Exploración de la Sección C) o D),24797 - Actividades mineras: Permiso de Exploración de la Sección C) o D),1,"Familia 1. Comunicaciones previas, autorizaciones, acreditaciones, e inscripciones registrales",8,Empresa y comercio,Consejería de Política Industrial y Energía,A01041433,A,True,26/10/2021,
24798,2509582,Actividades Mineras: Permiso de Investigación de Hidrocarburos,24798 - Actividades Mineras: Permiso de Investigación de Hidrocarburos,1,"Familia 1. Comunicaciones previas, autorizaciones, acreditaciones, e inscripciones registrales",8,Empresa y comercio,Consejería de Política Industrial y Energía,A01041433,A,True,26/10/2021,
24800,2509826,Actividades Mineras: Permiso de Exploración de Hidrocarburos,24800 - Actividades Mineras: Permiso de Exploración de Hidrocarburos,1,"Familia 1. Comunicaciones previas, autorizaciones, acreditaciones, e inscripciones registrales",8,Empresa y comercio,Consejería de Política Industrial y Energía,A01041433,A,True,27/10/2021,
24814,2563014,"Subvenciones, en régimen de concurrencia competitiva, dirigidas a entidades asociativas sin ánimo de lucro en zonas desfavorecidas de Andalucía para la dinamización de centros de competencias digitales (Línea Puntos Vuela Inclusión Digital Apertura).","24814 - Subvenciones, en régimen de concurrencia competitiva, dirigidas a entidades asociativas sin ánimo de lucro en zonas desfavorecidas de Andalucía para la dinamización de centros de competencias digitales (Línea Puntos Vuela Inclusión Digital Apertura).",2,"Familia 2. Subvenciones, becas y premios",9,Investigacion y tecnologia,Consejería de Política Industrial y Energía,A01041433,A,True,12/11/2021,
24815,2563015,"Subvenciones, en régimen de concurrencia no competitiva, dirigidas a municipios de Andalucía en situación de brecha digital para la dinamización de centros de competencias digitales (Línea Puntos Vuela Ayuntamientos).","24815 - Subvenciones, en régimen de concurrencia no competitiva, dirigidas a municipios de Andalucía en situación de brecha digital para la dinamización de centros de competencias digitales (Línea Puntos Vuela Ayuntamientos).",2,"Familia 2. Subvenciones, becas y premios",9,Investigacion y tecnologia,Consejería de Política Industrial y Energía,A01041433,A,True,12/11/2021,
24816,2563017,"Subvenciones, en régimen de concurrencia no competitiva, dirigidas a entidades locales autónomas de Andalucía en situación de brecha digital para la dinamización de centros de competencias digitales (Línea Puntos Vuela ELA).","24816 - Subvenciones, en régimen de concurrencia no competitiva, dirigidas a entidades locales autónomas de Andalucía en situación de brecha digital para la dinamización de centros de competencias digitales (Línea Puntos Vuela ELA).",2,"Familia 2. Subvenciones, becas y premios",9,Investigacion y tecnologia,Consejería de Política Industrial y Energía,A01041433,A,True,12/11/2021,
24817,2563016,"Subvenciones, dirigidas a entidades asociativas sin ánimo de lucro en zonas desfavorecidas de Andalucía para la dinamización de centros de competencias digitales (Línea Puntos Vuela Inclusión Digital Mantenimiento).","24817 - Subvenciones, dirigidas a entidades asociativas sin ánimo de lucro en zonas desfavorecidas de Andalucía para la dinamización de centros de competencias digitales (Línea Puntos Vuela Inclusión Digital Mantenimiento).",2,"Familia 2. Subvenciones, becas y premios",9,Investigacion y tecnologia,Consejería de Política Industrial y Energía,A01041433,A,True,12/11/2021,
24837,3056735,Aportación de informe sobre accidentes eléctricos en redes de distribución,24837 - Aportación de informe sobre accidentes eléctricos en redes de distribución,8,"Familia 8. Información, quejas, sugerencias y agradecimientos",25,Energía,Consejería de Política Industrial y Energía,A01041433,A,True,23/04/2024,
24921,2965199,"Subvenciones destinadas a la realización de diversas actuaciones de mejora de las infraestructuras de telecomunicaciones en edificios, en el marco del Plan de Recuperación, Transformación y Resiliencia (Financiado por la Unión Europea-Next Generation EU)..","24921 - Subvenciones destinadas a la realización de diversas actuaciones de mejora de las infraestructuras de telecomunicaciones en edificios, en el marco del Plan de Recuperación, Transformación y Resiliencia (Financiado por la Unión Europea-Next Generation EU)..",2,"Familia 2. Subvenciones, becas y premios",20,Vivienda y urbanismo,Consejería de Política Industrial y Energía,A01041433,A,True,04/01/2023,
24922,2985320,"Ayudas destinadas a proporcionar conectividad de redes de banda ancha de muy alta velocidad en zonas industriales, en el marco del Plan de Recuperación, Transformación y Resiliencia.","24922 - Ayudas destinadas a proporcionar conectividad de redes de banda ancha de muy alta velocidad en zonas industriales, en el marco del Plan de Recuperación, Transformación y Resiliencia.",2,"Familia 2. Subvenciones, becas y premios",9,Investigacion y tecnologia,Consejería de Política Industrial y Energía,A01041433,A,True,22/03/2023,
24923,2980898,Subvenciones destinadas a la instalación de una red de comunicaciones electrónicas de alta velocidad en dependencias de zonas industriales.,24923 - Subvenciones destinadas a la instalación de una red de comunicaciones electrónicas de alta velocidad en dependencias de zonas industriales.,2,"Familia 2. Subvenciones, becas y premios",9,Investigacion y tecnologia,Consejería de Política Industrial y Energía,A01041433,A,True,31/01/2023,
24948,2858098,Actividades Mineras: Contratación en el ámbito minero de la Junta de Andalucía.,24948 - Actividades Mineras: Contratación en el ámbito minero de la Junta de Andalucía.,5,Familia 5. Económicos y financieros,8,Empresa y comercio,Consejería de Política Industrial y Energía,A01041433,A,True,14/02/2022,
24960,2860663,Programa de incentivos para la implantación de instalaciones de energías renovables térmicas en diferentes sectores de la economía en Andalucía.,24960 - Programa de incentivos para la implantación de instalaciones de energías renovables térmicas en diferentes sectores de la economía en Andalucía.,2,"Familia 2. Subvenciones, becas y premios",25,Energía,Consejería de Política Industrial y Energía,A01041433,A,True,24/02/2022,
24975,2858099,Actividades Mineras: Concurso para el aprovechamiento de aguas de la Sección B),24975 - Actividades Mineras: Concurso para el aprovechamiento de aguas de la Sección B),1,"Familia 1. Comunicaciones previas, autorizaciones, acreditaciones, e inscripciones registrales",8,Empresa y comercio,Consejería de Política Industrial y Energía,A01041433,A,True,10/03/2022,
24983,2858175,"Actividades Mineras: Presentación Declaración Responsable., Habilitación de OCA, ECA o laboratorios.","24983 - Actividades Mineras: Presentación Declaración Responsable., Habilitación de OCA, ECA o laboratorios.",1,"Familia 1. Comunicaciones previas, autorizaciones, acreditaciones, e inscripciones registrales",8,Empresa y comercio,Consejería de Política Industrial y Energía,A01041433,A,True,11/03/2022,
25006,2892861,"Procedimiento de concesión de subvenciones en régimen de concurrencia no competitiva, a los municipios y entidades locales autónomas andaluzas, destinadas a la dinamización de los centros de la red «Guadalinfo»","25006 - Procedimiento de concesión de subvenciones en régimen de concurrencia no competitiva, a los municipios y entidades locales autónomas andaluzas, destinadas a la dinamización de los centros de la red «Guadalinfo»",2,"Familia 2. Subvenciones, becas y premios",1,Administracion publica,Consejería de Política Industrial y Energía,A01041433,A,True,01/04/2022,
25021,2891200,Subvenciones de carácter excepcional en materia de industria y minas.,25021 - Subvenciones de carácter excepcional en materia de industria y minas.,2,"Familia 2. Subvenciones, becas y premios",8,Empresa y comercio,Consejería de Política Industrial y Energía,A01041433,A,True,25/04/2022,
25037,2892594,"Convocatorias para la presentación de manifestaciones de interés no vinculantes, en el marco del Fondo del Transición Justa 2021-2027, en las provincias de Almería, Cádiz y Córdoba, correspondientes a grandes empresas e instalaciones sujetas a comercio de derechos de emisión de gases de efecto invernadero (GEI).","25037 - Convocatorias para la presentación de manifestaciones de interés no vinculantes, en el marco del Fondo del Transición Justa 2021-2027, en las provincias de Almería, Cádiz y Córdoba, correspondientes a grandes empresas e instalaciones sujetas a comercio de derechos de emisión de gases de efecto invernadero (GEI).",3,Familia 3. Evaluación y certificación,8,Empresa y comercio,Consejería de Política Industrial y Energía,A01041433,A,True,10/05/2022,
25115,2893977,Presentación de declaración responsable de la identificación del programa de tarifas oficialmente aprobadas por la Administración Pública competente en materia de tarifas del servicio de taxis.,25115 - Presentación de declaración responsable de la identificación del programa de tarifas oficialmente aprobadas por la Administración Pública competente en materia de tarifas del servicio de taxis.,1,"Familia 1. Comunicaciones previas, autorizaciones, acreditaciones, e inscripciones registrales",8,Empresa y comercio,Consejería de Política Industrial y Energía,A01041433,A,True,04/07/2022,
25128,2897561,Reclamación en nuevo suministro eléctrico,25128 - Reclamación en nuevo suministro eléctrico,8,"Familia 8. Información, quejas, sugerencias y agradecimientos",25,Energía,Consejería de Política Industrial y Energía,A01041433,A,True,19/07/2022,
25142,3181536,Solicitud de cancelación de la garantía constituida para la tramitación del procedimiento de acceso y conexión de una instalación de producción de energía eléctrica.,25142 - Solicitud de cancelación de la garantía constituida para la tramitación del procedimiento de acceso y conexión de una instalación de producción de energía eléctrica.,1,"Familia 1. Comunicaciones previas, autorizaciones, acreditaciones, e inscripciones registrales",25,Energía,Consejería de Política Industrial y Energía,A01041433,A,True,14/04/2025,
25327,3031406,Procedimiento de  adhesión de operadores-colaboradores al programa del bono digital para colectivos vulnerables.,25327 - Procedimiento de  adhesión de operadores-colaboradores al programa del bono digital para colectivos vulnerables.,12,"Familia 12. Convenios, responsabilidad patrimonial y revisión de la actuación administrativa",14,"Familias, servicios sociales e igualdad",Consejería de Política Industrial y Energía,A01041433,A,True,02/10/2023,
25329,3033714,Bono digital para colectivos vulnerables.,25329 - Bono digital para colectivos vulnerables.,2,"Familia 2. Subvenciones, becas y premios",14,"Familias, servicios sociales e igualdad",Consejería de Política Industrial y Energía,A01041433,A,True,15/11/2023,
25345,2986861,Subvención nominativa  a Cruz Roja para la capacitación de colectivos en riesgos de exclusión digital y que se inicia previa solicitud de la persona interesada.,25345 - Subvención nominativa  a Cruz Roja para la capacitación de colectivos en riesgos de exclusión digital y que se inicia previa solicitud de la persona interesada.,2,"Familia 2. Subvenciones, becas y premios",14,"Familias, servicios sociales e igualdad",Consejería de Política Industrial y Energía,A01041433,A,True,11/04/2023,
25386,3014836,Actividades Mineras: Plan de Inspecciones.,25386 - Actividades Mineras: Plan de Inspecciones.,1,"Familia 1. Comunicaciones previas, autorizaciones, acreditaciones, e inscripciones registrales",8,Empresa y comercio,Consejería de Política Industrial y Energía,A01041433,A,True,19/05/2023,
25403,3017638,Incentivos para la infraestructura básica de proyectos tractores de la industria en Andalucía,25403 - Incentivos para la infraestructura básica de proyectos tractores de la industria en Andalucía,2,"Familia 2. Subvenciones, becas y premios",25,Energía,Consejería de Política Industrial y Energía,A01041433,A,True,18/07/2023,
25441,3033011,Procedimiento de comunicación de inicio de actividad y declaración responsable para el ejercicio de la actividad de comercialización eléctrica en el ámbito de la comunidad autónoma de Andalucía.,25441 - Procedimiento de comunicación de inicio de actividad y declaración responsable para el ejercicio de la actividad de comercialización eléctrica en el ámbito de la comunidad autónoma de Andalucía.,1,"Familia 1. Comunicaciones previas, autorizaciones, acreditaciones, e inscripciones registrales",25,Energía,Consejería de Política Industrial y Energía,A01041433,A,True,26/10/2023,
25445,3033013,"Procedimiento solicitud de certificación de la capacidad legal, técnica y económica y verificación de las autorizaciones administrativas  de las instalaciones del solicitante para la inscripción provisional en el registro de empresas distribuidoras de electricidad que vayan a ejercer su actividad exclusivamente en el ámbito de la comunidad autónoma de Andalucía.","25445 - Procedimiento solicitud de certificación de la capacidad legal, técnica y económica y verificación de las autorizaciones administrativas  de las instalaciones del solicitante para la inscripción provisional en el registro de empresas distribuidoras de electricidad que vayan a ejercer su actividad exclusivamente en el ámbito de la comunidad autónoma de Andalucía.",1,"Familia 1. Comunicaciones previas, autorizaciones, acreditaciones, e inscripciones registrales",25,Energía,Consejería de Política Industrial y Energía,A01041433,A,True,26/10/2023,
25446,3033012,Procedimiento de solicitud de la certificación de capacidad técnica y la acreditación de las instalaciones del solicitante previa a la autorización administrativa de una red de distribución de energía eléctrica cerrada en el ámbito de la comunidad autónoma de Andalucía.,25446 - Procedimiento de solicitud de la certificación de capacidad técnica y la acreditación de las instalaciones del solicitante previa a la autorización administrativa de una red de distribución de energía eléctrica cerrada en el ámbito de la comunidad autónoma de Andalucía.,1,"Familia 1. Comunicaciones previas, autorizaciones, acreditaciones, e inscripciones registrales",25,Energía,Consejería de Política Industrial y Energía,A01041433,A,True,26/10/2023,
25451,3030560,Sancionador en materia de Energía.,25451 - Sancionador en materia de Energía.,6,Familia 6. Sancionadores,25,Energía,Consejería de Política Industrial y Energía,A01041433,A,True,13/09/2023,
25476,3033715,Subvención nominativa al Ayuntamiento de Málaga para el Proyecto 42 en Andalucía,25476 - Subvención nominativa al Ayuntamiento de Málaga para el Proyecto 42 en Andalucía,2,"Familia 2. Subvenciones, becas y premios",9,Investigacion y tecnologia,Consejería de Política Industrial y Energía,A01041433,A,True,15/11/2023,
25571,3188762,Incentivos de transición justa para el impulso de ecosistemas industriales sostenibles en la provincia de Almería. Innovación y sostenibilidad en la industria auxiliar de la agricultura almeriense.,25571 - Incentivos de transición justa para el impulso de ecosistemas industriales sostenibles en la provincia de Almería. Innovación y sostenibilidad en la industria auxiliar de la agricultura almeriense.,2,"Familia 2. Subvenciones, becas y premios",9,Investigacion y tecnologia,Consejería de Política Industrial y Energía,A01041433,A,True,21/05/2025,
25578,3055898,"Convocatorias para la presentación de manifestaciones de interés no vinculantes, en el marco del Fondo del Transición Justa 2021-2027, en las provincias de Almería, Cádiz y Córdoba.","25578 - Convocatorias para la presentación de manifestaciones de interés no vinculantes, en el marco del Fondo del Transición Justa 2021-2027, en las provincias de Almería, Cádiz y Córdoba.",3,Familia 3. Evaluación y certificación,8,Empresa y comercio,Consejería de Política Industrial y Energía,A01041433,A,True,08/04/2024,
25653,3221251,Subvenciones destinadas al desarrollo e implantación de soluciones digitales con impacto sectorial en el marco del proyecto Redes de Emprendimiento Digital en Andalucía,25653 - Subvenciones destinadas al desarrollo e implantación de soluciones digitales con impacto sectorial en el marco del proyecto Redes de Emprendimiento Digital en Andalucía,2,"Familia 2. Subvenciones, becas y premios",8,Empresa y comercio,Consejería de Política Industrial y Energía,A01041433,A,True,24/10/2025,
25668,3178856,Incentivos de transición justa para el impulso de ecosistemas industriales sostenibles en la provincia de Córdoba. Desarrollo industrial sostenible en el Valle del Guadiato.,25668 - Incentivos de transición justa para el impulso de ecosistemas industriales sostenibles en la provincia de Córdoba. Desarrollo industrial sostenible en el Valle del Guadiato.,2,"Familia 2. Subvenciones, becas y premios",9,Investigacion y tecnologia,Consejería de Política Industrial y Energía,A01041433,A,True,08/04/2025,
25669,3189008,Incentivos de transición justa para el impulso de ecosistemas industriales sostenibles en la provincia de Cádiz. Industria para la economía circular y combustibles alternativos en el Campo de Gibraltar.,25669 - Incentivos de transición justa para el impulso de ecosistemas industriales sostenibles en la provincia de Cádiz. Industria para la economía circular y combustibles alternativos en el Campo de Gibraltar.,2,"Familia 2. Subvenciones, becas y premios",9,Investigacion y tecnologia,Consejería de Política Industrial y Energía,A01041433,A,True,22/05/2025,
25671,3189009,Incentivos de transición justa para el impulso de ecosistemas industriales sostenibles en la provincia de Cádiz. Ecosistema industrial del hidrógeno verde en el Campo de Gibraltar.,25671 - Incentivos de transición justa para el impulso de ecosistemas industriales sostenibles en la provincia de Cádiz. Ecosistema industrial del hidrógeno verde en el Campo de Gibraltar.,2,"Familia 2. Subvenciones, becas y premios",9,Investigacion y tecnologia,Consejería de Política Industrial y Energía,A01041433,A,True,22/05/2025,
25672,3189007,Incentivos de transición justa para el impulso de ecosistemas industriales sostenibles en la provincia de Almería. Ecosistema industrial del hidrógeno verde.,25672 - Incentivos de transición justa para el impulso de ecosistemas industriales sostenibles en la provincia de Almería. Ecosistema industrial del hidrógeno verde.,2,"Familia 2. Subvenciones, becas y premios",9,Investigacion y tecnologia,Consejería de Política Industrial y Energía,A01041433,A,True,22/05/2025,
25673,3163492,Incentivos de transición justa para el impulso de ecosistemas industriales sostenibles en la provincia de Almería. Modernización productiva y sostenibilidad de la industria de la piedra y mármol de Almería.,25673 - Incentivos de transición justa para el impulso de ecosistemas industriales sostenibles en la provincia de Almería. Modernización productiva y sostenibilidad de la industria de la piedra y mármol de Almería.,2,"Familia 2. Subvenciones, becas y premios",9,Investigacion y tecnologia,Consejería de Política Industrial y Energía,A01041433,A,True,16/01/2025,
25675,3178854,Incentivos de transición justa para el impulso de ecosistemas industriales sostenibles en la provincia de Córdoba. Ecosistema industrial para la logística avanzada.,25675 - Incentivos de transición justa para el impulso de ecosistemas industriales sostenibles en la provincia de Córdoba. Ecosistema industrial para la logística avanzada.,2,"Familia 2. Subvenciones, becas y premios",9,Investigacion y tecnologia,Consejería de Política Industrial y Energía,A01041433,A,True,08/04/2025,
25676,921134,Incentivos de Transición Justa para el impulso de ecosistemas industriales sostenibles en la provincia de Cádiz para el proyecto tractor Innovación y sostenibilidad de la industria auxiliar naval,25676 - Incentivos de Transición Justa para el impulso de ecosistemas industriales sostenibles en la provincia de Cádiz para el proyecto tractor Innovación y sostenibilidad de la industria auxiliar naval,2,"Familia 2. Subvenciones, becas y premios",9,Investigacion y tecnologia,Consejería de Política Industrial y Energía,A01041433,A,True,08/04/2025,
25691,3163493,Incentivos para la participación de la industria en Andalucía en el ciclo de vida de nuevos satelitales.,25691 - Incentivos para la participación de la industria en Andalucía en el ciclo de vida de nuevos satelitales.,2,"Familia 2. Subvenciones, becas y premios",9,Investigacion y tecnologia,Consejería de Política Industrial y Energía,A01041433,A,True,16/01/2025,
25705,921136,Incentivos de transición justa para el impulso de ecosistemas industriales sostenibles en la provincia de Cádiz para el proyecto tractor «Hub Aeronáutico Net Zero Jerez,25705 - Incentivos de transición justa para el impulso de ecosistemas industriales sostenibles en la provincia de Cádiz para el proyecto tractor «Hub Aeronáutico Net Zero Jerez,2,"Familia 2. Subvenciones, becas y premios",9,Investigacion y tecnologia,Consejería de Política Industrial y Energía,A01041433,A,True,08/04/2025,
25735,3203665,Bases reguladoras para la concesión de incentivos para el uso eficiente de la energía en Andalucía (INEA),25735 - Bases reguladoras para la concesión de incentivos para el uso eficiente de la energía en Andalucía (INEA),2,"Familia 2. Subvenciones, becas y premios",,,Consejería de Política Industrial y Energía,A01041433,A,True,28/07/2025,
25747,3154007,Plan de Emergencia Interior a presentar por el industrial afectado por el RD por el que se aprueban medidas de control de los riesgos inherentes a los accidentes graves en los que intervengan sustancias peligrosas,25747 - Plan de Emergencia Interior a presentar por el industrial afectado por el RD por el que se aprueban medidas de control de los riesgos inherentes a los accidentes graves en los que intervengan sustancias peligrosas,1,"Familia 1. Comunicaciones previas, autorizaciones, acreditaciones, e inscripciones registrales",,,Consejería de Política Industrial y Energía,A01041433,A,True,05/11/2024,
25765,3157287,"Subvención excepcional en el marco del proyecto ""RETECH"" para la adecuación de espacios y obra civil en el edificio Banco de España en Jaén.","25765 - Subvención excepcional en el marco del proyecto ""RETECH"" para la adecuación de espacios y obra civil en el edificio Banco de España en Jaén.",2,"Familia 2. Subvenciones, becas y premios",9,Investigacion y tecnologia,Consejería de Política Industrial y Energía,A01041433,A,True,10/01/2025,
25794,3218637,"INCEA- Línea 2. Programas 2 y 3-Cadenas de valor industrial, minería sostenible y espacios productivos","25794 - INCEA- Línea 2. Programas 2 y 3-Cadenas de valor industrial, minería sostenible y espacios productivos",2,"Familia 2. Subvenciones, becas y premios",25,Energía,Consejería de Política Industrial y Energía,A01041433,A,True,09/10/2025,
25810,3218636,"Línea 1.- Incentivos para el desarrollo competitivo de las cadenas de valor industrial, la minería sostenible y los espacios productivos en Andalucía (INCEA)","25810 - Línea 1.- Incentivos para el desarrollo competitivo de las cadenas de valor industrial, la minería sostenible y los espacios productivos en Andalucía (INCEA)",2,"Familia 2. Subvenciones, becas y premios",,,Consejería de Política Industrial y Energía,A01041433,A,True,09/10/2025,
25811,3177626,Solicitud de exoneración de las medidas de seguridad a implantar en ascensores existentes,25811 - Solicitud de exoneración de las medidas de seguridad a implantar en ascensores existentes,1,"Familia 1. Comunicaciones previas, autorizaciones, acreditaciones, e inscripciones registrales",,,Consejería de Política Industrial y Energía,A01041433,A,True,27/03/2025,
25933,3230699,Subvención excepcional para el desarrollo de actuaciones orientadas a la puesta en marcha de un nodo tecnológico en Baeza,25933 - Subvención excepcional para el desarrollo de actuaciones orientadas a la puesta en marcha de un nodo tecnológico en Baeza,2,"Familia 2. Subvenciones, becas y premios",9,Investigacion y tecnologia,Consejería de Política Industrial y Energía,A01041433,A,True,30/11/2025,
25949,3232352,Solicitud para el registro de una indicación geográfica de productos artesanales e industriales.,25949 - Solicitud para el registro de una indicación geográfica de productos artesanales e industriales.,1,"Familia 1. Comunicaciones previas, autorizaciones, acreditaciones, e inscripciones registrales",8,Empresa y comercio,Consejería de Política Industrial y Energía,A01041433,A,True,10/12/2025,
25974,3247268,Solicitud de adhesión a la Red de Ciudades Industriales,25974 - Solicitud de adhesión a la Red de Ciudades Industriales,1,"Familia 1. Comunicaciones previas, autorizaciones, acreditaciones, e inscripciones registrales",,,Consejería de Política Industrial y Energía,A01041433,A,True,10/02/2026,
25978,3255087,Plan Renove Vehículos Andalucía,25978 - Plan Renove Vehículos Andalucía,2,"Familia 2. Subvenciones, becas y premios",25,Energía,Consejería de Política Industrial y Energía,A01041433,A,True,15/03/2026,
26017,3261986,INCEA: Línea 1. Programa 2 - Espacios productivos,26017 - INCEA: Línea 1. Programa 2 - Espacios productivos,2,"Familia 2. Subvenciones, becas y premios",,,Consejería de Política Industrial y Energía,A01041433,A,True,27/04/2026,
26024,3268649,Solicitud de devolución de la garantía económica constituida para la tramitación del procedimiento de acceso y conexión de una instalación de demanda o almacenamiento de energía eléctrica.,26024 - Solicitud de devolución de la garantía económica constituida para la tramitación del procedimiento de acceso y conexión de una instalación de demanda o almacenamiento de energía eléctrica.,1,"Familia 1. Comunicaciones previas, autorizaciones, acreditaciones, e inscripciones registrales",,,Consejería de Política Industrial y Energía,A01041433,A,True,19/05/2026,
26053,3289037,Acreditación como Técnico Competente para la certificación de la eficiencia energética de los edificios.,26053 - Acreditación como Técnico Competente para la certificación de la eficiencia energética de los edificios.,1,"Familia 1. Comunicaciones previas, autorizaciones, acreditaciones, e inscripciones registrales",8,Empresa y comercio,Consejería de Política Industrial y Energía,A01041433,A,True,20/07/2026,
