id,text,nivel,padre_id,padre_text,ruta,es_hoja
CPIE,"CONSEJERÍA DE INDUSTRIA, ENERGÍA Y MINAS (IND)",0,,,"CONSEJERÍA DE INDUSTRIA, ENERGÍA Y MINAS (IND)",False
DGMINASCPIE,D.G. MINAS (IND),1,CPIE,"CONSEJERÍA DE INDUSTRIA, ENERGÍA Y MINAS (IND)","CONSEJERÍA DE INDUSTRIA, ENERGÍA Y MINAS (IND) > D.G. MINAS (IND)",False
CTEICUTRIAMIN,SERVICIO DE MINAS (IND),2,DGMINASCPIE,D.G. MINAS (IND),"CONSEJERÍA DE INDUSTRIA, ENERGÍA Y MINAS (IND) > D.G. MINAS (IND) > SERVICIO DE MINAS (IND)",True
SECRCONSCPIE,SECRETARIA CONSEJERO (IND),1,CPIE,"CONSEJERÍA DE INDUSTRIA, ENERGÍA Y MINAS (IND)","CONSEJERÍA DE INDUSTRIA, ENERGÍA Y MINAS (IND) > SECRETARIA CONSEJERO (IND)",True
DGENERGIACHAP,S.G. ENERGÍA (IND),1,CPIE,"CONSEJERÍA DE INDUSTRIA, ENERGÍA Y MINAS (IND)","CONSEJERÍA DE INDUSTRIA, ENERGÍA Y MINAS (IND) > S.G. ENERGÍA (IND)",False
CTDGE,CONSJERO TECNICO (IND),2,DGENERGIACHAP,S.G. ENERGÍA (IND),"CONSEJERÍA DE INDUSTRIA, ENERGÍA Y MINAS (IND) > S.G. ENERGÍA (IND) > CONSJERO TECNICO (IND)",True
CTSUBDGE,CONSEJERO TECNICO SUBD (IND),2,DGENERGIACHAP,S.G. ENERGÍA (IND),"CONSEJERÍA DE INDUSTRIA, ENERGÍA Y MINAS (IND) > S.G. ENERGÍA (IND) > CONSEJERO TECNICO SUBD (IND)",True
CTEICUTRIAYENE,SERVICIO DE ENERGIA (IND),2,DGENERGIACHAP,S.G. ENERGÍA (IND),"CONSEJERÍA DE INDUSTRIA, ENERGÍA Y MINAS (IND) > S.G. ENERGÍA (IND) > SERVICIO DE ENERGIA (IND)",True
SVPLANPROY,SERVICIO PLANIFICACION Y PROYECTOS (IND),2,DGENERGIACHAP,S.G. ENERGÍA (IND),"CONSEJERÍA DE INDUSTRIA, ENERGÍA Y MINAS (IND) > S.G. ENERGÍA (IND) > SERVICIO PLANIFICACION Y PROYECTOS (IND)",True
CTEICUSGINDYMIN,S.G. INDUSTRIA Y MINAS (IND),1,CPIE,"CONSEJERÍA DE INDUSTRIA, ENERGÍA Y MINAS (IND)","CONSEJERÍA DE INDUSTRIA, ENERGÍA Y MINAS (IND) > S.G. INDUSTRIA Y MINAS (IND)",False
7981,SV. GESTION PROMOC. INDUSTRIAL (IND),2,CTEICUSGINDYMIN,S.G. INDUSTRIA Y MINAS (IND),"CONSEJERÍA DE INDUSTRIA, ENERGÍA Y MINAS (IND) > S.G. INDUSTRIA Y MINAS (IND) > SV. GESTION PROMOC. INDUSTRIAL (IND)",True
9063,SV. INDICACIONES GEOGRAFICAS Y ORDENACION INDUSTRIAL (IND),2,CTEICUSGINDYMIN,S.G. INDUSTRIA Y MINAS (IND),"CONSEJERÍA DE INDUSTRIA, ENERGÍA Y MINAS (IND) > S.G. INDUSTRIA Y MINAS (IND) > SV. INDICACIONES GEOGRAFICAS Y ORDENACION INDUSTRIAL (IND)",True
CTEICUSSVINSDU,SV. INDUSTRIA (IND),2,CTEICUSGINDYMIN,S.G. INDUSTRIA Y MINAS (IND),"CONSEJERÍA DE INDUSTRIA, ENERGÍA Y MINAS (IND) > S.G. INDUSTRIA Y MINAS (IND) > SV. INDUSTRIA (IND)",True
CTEICUSGINDSPLA,SV. PLANIFICACION Y ANALISIS (IND),2,CTEICUSGINDYMIN,S.G. INDUSTRIA Y MINAS (IND),"CONSEJERÍA DE INDUSTRIA, ENERGÍA Y MINAS (IND) > S.G. INDUSTRIA Y MINAS (IND) > SV. PLANIFICACION Y ANALISIS (IND)",True
SGTCPIE,SECRETARIA GENERAL TECNICA (IND),1,CPIE,"CONSEJERÍA DE INDUSTRIA, ENERGÍA Y MINAS (IND)","CONSEJERÍA DE INDUSTRIA, ENERGÍA Y MINAS (IND) > SECRETARIA GENERAL TECNICA (IND)",False
SVLYRCPIE,SERVICIO LEGISLACION Y RECURSOS (IND),2,SGTCPIE,SECRETARIA GENERAL TECNICA (IND),"CONSEJERÍA DE INDUSTRIA, ENERGÍA Y MINAS (IND) > SECRETARIA GENERAL TECNICA (IND) > SERVICIO LEGISLACION Y RECURSOS (IND)",True
SVPYAGCPIE,SERVICIO DE PERSONAL Y ADMINISTRACION GENERAL (IND),2,SGTCPIE,SECRETARIA GENERAL TECNICA (IND),"CONSEJERÍA DE INDUSTRIA, ENERGÍA Y MINAS (IND) > SECRETARIA GENERAL TECNICA (IND) > SERVICIO DE PERSONAL Y ADMINISTRACION GENERAL (IND)",True
SVPGEYCCPIE,SERVICIO PRESUPUESTOS GESTION EC Y CONT (IND),2,SGTCPIE,SECRETARIA GENERAL TECNICA (IND),"CONSEJERÍA DE INDUSTRIA, ENERGÍA Y MINAS (IND) > SECRETARIA GENERAL TECNICA (IND) > SERVICIO PRESUPUESTOS GESTION EC Y CONT (IND)",True
CTEICUSSPPAL,SERVICIOS PERIFERICOS AL (IND) (ALMERIA),1,CPIE,"CONSEJERÍA DE INDUSTRIA, ENERGÍA Y MINAS (IND)","CONSEJERÍA DE INDUSTRIA, ENERGÍA Y MINAS (IND) > SERVICIOS PERIFERICOS AL (IND) (ALMERIA)",False
CTEICUALSGPECEU,"SG PROVINCIAL ECONOMIA, CONOCIMIENTO, EMPRESAS Y UNIVERSIDAD (IND) (ALMERIA)",2,CTEICUSSPPAL,SERVICIOS PERIFERICOS AL (IND) (ALMERIA),"CONSEJERÍA DE INDUSTRIA, ENERGÍA Y MINAS (IND) > SERVICIOS PERIFERICOS AL (IND) (ALMERIA) > SG PROVINCIAL ECONOMIA, CONOCIMIENTO, EMPRESAS Y UNIVERSIDAD (IND) (ALMERIA)",True
CTEICUALSVCEDT,SERVICIO DE COOPERACION ECONOMICA Y DESARROLLO TECNOLOGICO (IND) (ALMERIA),2,CTEICUSSPPAL,SERVICIOS PERIFERICOS AL (IND) (ALMERIA),"CONSEJERÍA DE INDUSTRIA, ENERGÍA Y MINAS (IND) > SERVICIOS PERIFERICOS AL (IND) (ALMERIA) > SERVICIO DE COOPERACION ECONOMICA Y DESARROLLO TECNOLOGICO (IND) (ALMERIA)",True
SVENERGAL,SV. ENERGIA (IND) (ALMERIA),2,CTEICUSSPPAL,SERVICIOS PERIFERICOS AL (IND) (ALMERIA),"CONSEJERÍA DE INDUSTRIA, ENERGÍA Y MINAS (IND) > SERVICIOS PERIFERICOS AL (IND) (ALMERIA) > SV. ENERGIA (IND) (ALMERIA)",True
,"SV. INDUSTRIA, ENERGIA Y MINAS (ALMERIA)",2,CTEICUSSPPAL,SERVICIOS PERIFERICOS AL (IND) (ALMERIA),"CONSEJERÍA DE INDUSTRIA, ENERGÍA Y MINAS (IND) > SERVICIOS PERIFERICOS AL (IND) (ALMERIA) > SV. INDUSTRIA, ENERGIA Y MINAS (ALMERIA)",True
SVIMAL,SERVICIO DE INDUSTRIA Y MINAS (IND) (ALMERIA),2,CTEICUSSPPAL,SERVICIOS PERIFERICOS AL (IND) (ALMERIA),"CONSEJERÍA DE INDUSTRIA, ENERGÍA Y MINAS (IND) > SERVICIOS PERIFERICOS AL (IND) (ALMERIA) > SERVICIO DE INDUSTRIA Y MINAS (IND) (ALMERIA)",False
SVIMDPINDALMERIA,DEPARTAMENTO INDUSTRIA (IND),3,SVIMAL,SERVICIO DE INDUSTRIA Y MINAS (IND) (ALMERIA),"CONSEJERÍA DE INDUSTRIA, ENERGÍA Y MINAS (IND) > SERVICIOS PERIFERICOS AL (IND) (ALMERIA) > SERVICIO DE INDUSTRIA Y MINAS (IND) (ALMERIA) > DEPARTAMENTO INDUSTRIA (IND)",True
DPMINAS,DEPARTAMENTO MINAS ALMERIA (IND) (ALMERIA),3,SVIMAL,SERVICIO DE INDUSTRIA Y MINAS (IND) (ALMERIA),"CONSEJERÍA DE INDUSTRIA, ENERGÍA Y MINAS (IND) > SERVICIOS PERIFERICOS AL (IND) (ALMERIA) > SERVICIO DE INDUSTRIA Y MINAS (IND) (ALMERIA) > DEPARTAMENTO MINAS ALMERIA (IND) (ALMERIA)",True
CTEICUSPPCA,SERVICIOS PERIFERICOS CA (IND) (CADIZ),1,CPIE,"CONSEJERÍA DE INDUSTRIA, ENERGÍA Y MINAS (IND)","CONSEJERÍA DE INDUSTRIA, ENERGÍA Y MINAS (IND) > SERVICIOS PERIFERICOS CA (IND) (CADIZ)",False
CTEICUCASGPECEU,"SG PROVINCIAL ECONOMIA, CONOCIMIENTO, EMPRESAS Y UNIVERSIDAD (IND) (CADIZ)",2,CTEICUSPPCA,SERVICIOS PERIFERICOS CA (IND) (CADIZ),"CONSEJERÍA DE INDUSTRIA, ENERGÍA Y MINAS (IND) > SERVICIOS PERIFERICOS CA (IND) (CADIZ) > SG PROVINCIAL ECONOMIA, CONOCIMIENTO, EMPRESAS Y UNIVERSIDAD (IND) (CADIZ)",True
CTEICUCASVCEDT,SERVICIO DE COOPERACION ECONOMICA Y DESARROLLO TECNOLOGICO (IND) (CADIZ),2,CTEICUSPPCA,SERVICIOS PERIFERICOS CA (IND) (CADIZ),"CONSEJERÍA DE INDUSTRIA, ENERGÍA Y MINAS (IND) > SERVICIOS PERIFERICOS CA (IND) (CADIZ) > SERVICIO DE COOPERACION ECONOMICA Y DESARROLLO TECNOLOGICO (IND) (CADIZ)",True
SVENERGCA,SV. ENERGIA (IND) (CADIZ),2,CTEICUSPPCA,SERVICIOS PERIFERICOS CA (IND) (CADIZ),"CONSEJERÍA DE INDUSTRIA, ENERGÍA Y MINAS (IND) > SERVICIOS PERIFERICOS CA (IND) (CADIZ) > SV. ENERGIA (IND) (CADIZ)",True
,"SV. INDUSTRIA, ENERGIA Y MINAS (CADIZ)",2,CTEICUSPPCA,SERVICIOS PERIFERICOS CA (IND) (CADIZ),"CONSEJERÍA DE INDUSTRIA, ENERGÍA Y MINAS (IND) > SERVICIOS PERIFERICOS CA (IND) (CADIZ) > SV. INDUSTRIA, ENERGIA Y MINAS (CADIZ)",True
SVIMCA,SERVICIO DE INDUSTRIA Y MINAS (IND) (CADIZ),2,CTEICUSPPCA,SERVICIOS PERIFERICOS CA (IND) (CADIZ),"CONSEJERÍA DE INDUSTRIA, ENERGÍA Y MINAS (IND) > SERVICIOS PERIFERICOS CA (IND) (CADIZ) > SERVICIO DE INDUSTRIA Y MINAS (IND) (CADIZ)",True
CTEICUSSPPCO,SERVICIOS PERIFERICOS CO (IND) (CORDOBA),1,CPIE,"CONSEJERÍA DE INDUSTRIA, ENERGÍA Y MINAS (IND)","CONSEJERÍA DE INDUSTRIA, ENERGÍA Y MINAS (IND) > SERVICIOS PERIFERICOS CO (IND) (CORDOBA)",False
CTEICUCOSGPECEU,"SG PROVINCIAL ECONOMIA, CONOCIMIENTO, EMPRESAS Y UNIVERSIDAD (IND) (CORDOBA)",2,CTEICUSSPPCO,SERVICIOS PERIFERICOS CO (IND) (CORDOBA),"CONSEJERÍA DE INDUSTRIA, ENERGÍA Y MINAS (IND) > SERVICIOS PERIFERICOS CO (IND) (CORDOBA) > SG PROVINCIAL ECONOMIA, CONOCIMIENTO, EMPRESAS Y UNIVERSIDAD (IND) (CORDOBA)",True
CTEICUCOSVCEDT,SERVICIO DE COOPERACION ECONOMICA Y DESARROLLO TECNOLOGICO (IND) (CORDOBA),2,CTEICUSSPPCO,SERVICIOS PERIFERICOS CO (IND) (CORDOBA),"CONSEJERÍA DE INDUSTRIA, ENERGÍA Y MINAS (IND) > SERVICIOS PERIFERICOS CO (IND) (CORDOBA) > SERVICIO DE COOPERACION ECONOMICA Y DESARROLLO TECNOLOGICO (IND) (CORDOBA)",True
SVENERGCO,SV. ENERGIA (IND) (CORDOBA),2,CTEICUSSPPCO,SERVICIOS PERIFERICOS CO (IND) (CORDOBA),"CONSEJERÍA DE INDUSTRIA, ENERGÍA Y MINAS (IND) > SERVICIOS PERIFERICOS CO (IND) (CORDOBA) > SV. ENERGIA (IND) (CORDOBA)",True
,"SV. INDUSTRIA, ENERGIA Y MINAS (CORDOBA)",2,CTEICUSSPPCO,SERVICIOS PERIFERICOS CO (IND) (CORDOBA),"CONSEJERÍA DE INDUSTRIA, ENERGÍA Y MINAS (IND) > SERVICIOS PERIFERICOS CO (IND) (CORDOBA) > SV. INDUSTRIA, ENERGIA Y MINAS (CORDOBA)",True
SVIMCO,SERVICIO DE INDUSTRIA Y MINAS (IND) (CORDOBA),2,CTEICUSSPPCO,SERVICIOS PERIFERICOS CO (IND) (CORDOBA),"CONSEJERÍA DE INDUSTRIA, ENERGÍA Y MINAS (IND) > SERVICIOS PERIFERICOS CO (IND) (CORDOBA) > SERVICIO DE INDUSTRIA Y MINAS (IND) (CORDOBA)",True
CTEICUSSPPGR,SERVICIOS PERIFERICOS GR (IND) (GRANADA),1,CPIE,"CONSEJERÍA DE INDUSTRIA, ENERGÍA Y MINAS (IND)","CONSEJERÍA DE INDUSTRIA, ENERGÍA Y MINAS (IND) > SERVICIOS PERIFERICOS GR (IND) (GRANADA)",False
CTEICUGRSGPECEU,SECRETARIA GENERAL PROVINCIAL GRANADA (IND) (GRANADA),2,CTEICUSSPPGR,SERVICIOS PERIFERICOS GR (IND) (GRANADA),"CONSEJERÍA DE INDUSTRIA, ENERGÍA Y MINAS (IND) > SERVICIOS PERIFERICOS GR (IND) (GRANADA) > SECRETARIA GENERAL PROVINCIAL GRANADA (IND) (GRANADA)",True
SGPECEU,"SG PROVINCIAL ECONOMIA, CONOCIMIENTO, EMPRESAS Y UNIVERSIDAD (IND) (GRANADA)",2,CTEICUSSPPGR,SERVICIOS PERIFERICOS GR (IND) (GRANADA),"CONSEJERÍA DE INDUSTRIA, ENERGÍA Y MINAS (IND) > SERVICIOS PERIFERICOS GR (IND) (GRANADA) > SG PROVINCIAL ECONOMIA, CONOCIMIENTO, EMPRESAS Y UNIVERSIDAD (IND) (GRANADA)",True
,"SV. INDUSTRIA, ENERGIA Y MINAS (GRANADA)",2,CTEICUSSPPGR,SERVICIOS PERIFERICOS GR (IND) (GRANADA),"CONSEJERÍA DE INDUSTRIA, ENERGÍA Y MINAS (IND) > SERVICIOS PERIFERICOS GR (IND) (GRANADA) > SV. INDUSTRIA, ENERGIA Y MINAS (GRANADA)",True
CTEICUGRSVCEDT,SERVICIO DE COOPERACION ECONOMICA Y DESARROLLO TECNOLOGICO (IND) (GRANADA),2,CTEICUSSPPGR,SERVICIOS PERIFERICOS GR (IND) (GRANADA),"CONSEJERÍA DE INDUSTRIA, ENERGÍA Y MINAS (IND) > SERVICIOS PERIFERICOS GR (IND) (GRANADA) > SERVICIO DE COOPERACION ECONOMICA Y DESARROLLO TECNOLOGICO (IND) (GRANADA)",True
SVENERGGR,SV. ENERGIA (IND) (GRANADA),2,CTEICUSSPPGR,SERVICIOS PERIFERICOS GR (IND) (GRANADA),"CONSEJERÍA DE INDUSTRIA, ENERGÍA Y MINAS (IND) > SERVICIOS PERIFERICOS GR (IND) (GRANADA) > SV. ENERGIA (IND) (GRANADA)",True
SVIMGR,SERVICIO DE INDUSTRIA Y MINAS (IND) (GRANADA),2,CTEICUSSPPGR,SERVICIOS PERIFERICOS GR (IND) (GRANADA),"CONSEJERÍA DE INDUSTRIA, ENERGÍA Y MINAS (IND) > SERVICIOS PERIFERICOS GR (IND) (GRANADA) > SERVICIO DE INDUSTRIA Y MINAS (IND) (GRANADA)",True
CTEICUSSPPHU,SERVICIOS PERIFERICOS HU (IND) (HUELVA),1,CPIE,"CONSEJERÍA DE INDUSTRIA, ENERGÍA Y MINAS (IND)","CONSEJERÍA DE INDUSTRIA, ENERGÍA Y MINAS (IND) > SERVICIOS PERIFERICOS HU (IND) (HUELVA)",False
CTEICUHUSGPECEU,"SG PROVINCIAL ECONOMIA, CONOCIMIENTO, EMPRESAS Y UNIVERSIDAD (IND) (HUELVA)",2,CTEICUSSPPHU,SERVICIOS PERIFERICOS HU (IND) (HUELVA),"CONSEJERÍA DE INDUSTRIA, ENERGÍA Y MINAS (IND) > SERVICIOS PERIFERICOS HU (IND) (HUELVA) > SG PROVINCIAL ECONOMIA, CONOCIMIENTO, EMPRESAS Y UNIVERSIDAD (IND) (HUELVA)",True
,"SV. INDUSTRIA, ENERGIA Y MINAS (HUELVA)",2,CTEICUSSPPHU,SERVICIOS PERIFERICOS HU (IND) (HUELVA),"CONSEJERÍA DE INDUSTRIA, ENERGÍA Y MINAS (IND) > SERVICIOS PERIFERICOS HU (IND) (HUELVA) > SV. INDUSTRIA, ENERGIA Y MINAS (HUELVA)",True
CTEICUHUSVCEDT,SERVICIO DE COOPERACION ECONOMICA Y DESARROLLO TECNOLOGICO (IND) (HUELVA),2,CTEICUSSPPHU,SERVICIOS PERIFERICOS HU (IND) (HUELVA),"CONSEJERÍA DE INDUSTRIA, ENERGÍA Y MINAS (IND) > SERVICIOS PERIFERICOS HU (IND) (HUELVA) > SERVICIO DE COOPERACION ECONOMICA Y DESARROLLO TECNOLOGICO (IND) (HUELVA)",True
SVENERGHU,SV. ENERGIA (IND) (HUELVA),2,CTEICUSSPPHU,SERVICIOS PERIFERICOS HU (IND) (HUELVA),"CONSEJERÍA DE INDUSTRIA, ENERGÍA Y MINAS (IND) > SERVICIOS PERIFERICOS HU (IND) (HUELVA) > SV. ENERGIA (IND) (HUELVA)",True
SVIMHU,SERVICIO DE INDUSTRIA Y MINAS (IND) (HUELVA),2,CTEICUSSPPHU,SERVICIOS PERIFERICOS HU (IND) (HUELVA),"CONSEJERÍA DE INDUSTRIA, ENERGÍA Y MINAS (IND) > SERVICIOS PERIFERICOS HU (IND) (HUELVA) > SERVICIO DE INDUSTRIA Y MINAS (IND) (HUELVA)",True
CTEICUSSPPJA,SERVICIOS PERIFERICOS JA (IND) (JAEN),1,CPIE,"CONSEJERÍA DE INDUSTRIA, ENERGÍA Y MINAS (IND)","CONSEJERÍA DE INDUSTRIA, ENERGÍA Y MINAS (IND) > SERVICIOS PERIFERICOS JA (IND) (JAEN)",False
CTEICUJASGPECEU,"SG PROVINCIAL ECONOMIA, CONOCIMIENTO, EMPRESAS Y UNIVERSIDAD (IND) (JAEN)",2,CTEICUSSPPJA,SERVICIOS PERIFERICOS JA (IND) (JAEN),"CONSEJERÍA DE INDUSTRIA, ENERGÍA Y MINAS (IND) > SERVICIOS PERIFERICOS JA (IND) (JAEN) > SG PROVINCIAL ECONOMIA, CONOCIMIENTO, EMPRESAS Y UNIVERSIDAD (IND) (JAEN)",True
,"SV. INDUSTRIA, ENERGIA Y MINAS (JAEN)",2,CTEICUSSPPJA,SERVICIOS PERIFERICOS JA (IND) (JAEN),"CONSEJERÍA DE INDUSTRIA, ENERGÍA Y MINAS (IND) > SERVICIOS PERIFERICOS JA (IND) (JAEN) > SV. INDUSTRIA, ENERGIA Y MINAS (JAEN)",True
CTEICUJASVCEDT,SERVICIO DE COOPERACION ECONOMICA Y DESARROLLO TECNOLOGICO (IND) (JAEN),2,CTEICUSSPPJA,SERVICIOS PERIFERICOS JA (IND) (JAEN),"CONSEJERÍA DE INDUSTRIA, ENERGÍA Y MINAS (IND) > SERVICIOS PERIFERICOS JA (IND) (JAEN) > SERVICIO DE COOPERACION ECONOMICA Y DESARROLLO TECNOLOGICO (IND) (JAEN)",True
SVENERGJA,SV. ENERGIA (IND) (JAEN),2,CTEICUSSPPJA,SERVICIOS PERIFERICOS JA (IND) (JAEN),"CONSEJERÍA DE INDUSTRIA, ENERGÍA Y MINAS (IND) > SERVICIOS PERIFERICOS JA (IND) (JAEN) > SV. ENERGIA (IND) (JAEN)",True
SVIMJA,SERVICIO DE INDUSTRIA Y MINAS (IND) (JAEN),2,CTEICUSSPPJA,SERVICIOS PERIFERICOS JA (IND) (JAEN),"CONSEJERÍA DE INDUSTRIA, ENERGÍA Y MINAS (IND) > SERVICIOS PERIFERICOS JA (IND) (JAEN) > SERVICIO DE INDUSTRIA Y MINAS (IND) (JAEN)",True
CTEICUSSPPMA,SERVICIOS PERIFERICOS MA (IND) (MALAGA),1,CPIE,"CONSEJERÍA DE INDUSTRIA, ENERGÍA Y MINAS (IND)","CONSEJERÍA DE INDUSTRIA, ENERGÍA Y MINAS (IND) > SERVICIOS PERIFERICOS MA (IND) (MALAGA)",False
CTEICUMASGPECEU,"SG PROVINCIAL ECONOMIA, CONOCIMIENTO, EMPRESAS Y UNIVERSIDAD (IND) (MALAGA)",2,CTEICUSSPPMA,SERVICIOS PERIFERICOS MA (IND) (MALAGA),"CONSEJERÍA DE INDUSTRIA, ENERGÍA Y MINAS (IND) > SERVICIOS PERIFERICOS MA (IND) (MALAGA) > SG PROVINCIAL ECONOMIA, CONOCIMIENTO, EMPRESAS Y UNIVERSIDAD (IND) (MALAGA)",True
,"SV. INDUSTRIA, ENERGIA Y MINAS (MALAGA)",2,CTEICUSSPPMA,SERVICIOS PERIFERICOS MA (IND) (MALAGA),"CONSEJERÍA DE INDUSTRIA, ENERGÍA Y MINAS (IND) > SERVICIOS PERIFERICOS MA (IND) (MALAGA) > SV. INDUSTRIA, ENERGIA Y MINAS (MALAGA)",True
CTEICUMASVCEDT,SERVICIO DE COOPERACION ECONOMICA Y DESARROLLO TECNOLOGICO (IND) (MALAGA),2,CTEICUSSPPMA,SERVICIOS PERIFERICOS MA (IND) (MALAGA),"CONSEJERÍA DE INDUSTRIA, ENERGÍA Y MINAS (IND) > SERVICIOS PERIFERICOS MA (IND) (MALAGA) > SERVICIO DE COOPERACION ECONOMICA Y DESARROLLO TECNOLOGICO (IND) (MALAGA)",True
SVENERGMA,SV. ENERGIA (IND) (MALAGA),2,CTEICUSSPPMA,SERVICIOS PERIFERICOS MA (IND) (MALAGA),"CONSEJERÍA DE INDUSTRIA, ENERGÍA Y MINAS (IND) > SERVICIOS PERIFERICOS MA (IND) (MALAGA) > SV. ENERGIA (IND) (MALAGA)",True
SVIMMA,SERVICIO DE INDUSTRIA Y MINAS (IND) (MALAGA),2,CTEICUSSPPMA,SERVICIOS PERIFERICOS MA (IND) (MALAGA),"CONSEJERÍA DE INDUSTRIA, ENERGÍA Y MINAS (IND) > SERVICIOS PERIFERICOS MA (IND) (MALAGA) > SERVICIO DE INDUSTRIA Y MINAS (IND) (MALAGA)",True
CTEICUSSPPSE,SERVICIOS PERIFERICOS SE (IND) (SEVILLA),1,CPIE,"CONSEJERÍA DE INDUSTRIA, ENERGÍA Y MINAS (IND)","CONSEJERÍA DE INDUSTRIA, ENERGÍA Y MINAS (IND) > SERVICIOS PERIFERICOS SE (IND) (SEVILLA)",False
CTEICUSESGPECEU,"SG PROVINCIAL ECONOMIA, CONOCIMIENTO, EMPRESAS Y UNIVERSIDAD (IND) (SEVILLA)",2,CTEICUSSPPSE,SERVICIOS PERIFERICOS SE (IND) (SEVILLA),"CONSEJERÍA DE INDUSTRIA, ENERGÍA Y MINAS (IND) > SERVICIOS PERIFERICOS SE (IND) (SEVILLA) > SG PROVINCIAL ECONOMIA, CONOCIMIENTO, EMPRESAS Y UNIVERSIDAD (IND) (SEVILLA)",True
CTEICUSESVCEDT,SERVICIO DE COOPERACION ECONOMICA Y DESARROLLO TECNOLOGICO (IND) (SEVILLA),2,CTEICUSSPPSE,SERVICIOS PERIFERICOS SE (IND) (SEVILLA),"CONSEJERÍA DE INDUSTRIA, ENERGÍA Y MINAS (IND) > SERVICIOS PERIFERICOS SE (IND) (SEVILLA) > SERVICIO DE COOPERACION ECONOMICA Y DESARROLLO TECNOLOGICO (IND) (SEVILLA)",True
DPESIEMSE,SV. ENERGIA (IND) (SEVILLA),2,CTEICUSSPPSE,SERVICIOS PERIFERICOS SE (IND) (SEVILLA),"CONSEJERÍA DE INDUSTRIA, ENERGÍA Y MINAS (IND) > SERVICIOS PERIFERICOS SE (IND) (SEVILLA) > SV. ENERGIA (IND) (SEVILLA)",True
PSIEMSE,SERVICIO DE INDUSTRIA Y MINAS (IND) (SEVILLA),2,CTEICUSSPPSE,SERVICIOS PERIFERICOS SE (IND) (SEVILLA),"CONSEJERÍA DE INDUSTRIA, ENERGÍA Y MINAS (IND) > SERVICIOS PERIFERICOS SE (IND) (SEVILLA) > SERVICIO DE INDUSTRIA Y MINAS (IND) (SEVILLA)",False
DPISIEMSE,DEPARTAMENTO DE INDUSTRIA (IND),3,PSIEMSE,SERVICIO DE INDUSTRIA Y MINAS (IND) (SEVILLA),"CONSEJERÍA DE INDUSTRIA, ENERGÍA Y MINAS (IND) > SERVICIOS PERIFERICOS SE (IND) (SEVILLA) > SERVICIO DE INDUSTRIA Y MINAS (IND) (SEVILLA) > DEPARTAMENTO DE INDUSTRIA (IND)",True
DPMSIEMSE,DEPARTAMENTO DE MINAS (IND) (SEVILLA),3,PSIEMSE,SERVICIO DE INDUSTRIA Y MINAS (IND) (SEVILLA),"CONSEJERÍA DE INDUSTRIA, ENERGÍA Y MINAS (IND) > SERVICIOS PERIFERICOS SE (IND) (SEVILLA) > SERVICIO DE INDUSTRIA Y MINAS (IND) (SEVILLA) > DEPARTAMENTO DE MINAS (IND) (SEVILLA)",True
VICECPIE,VICECONSEJERIA (IND),1,CPIE,"CONSEJERÍA DE INDUSTRIA, ENERGÍA Y MINAS (IND)","CONSEJERÍA DE INDUSTRIA, ENERGÍA Y MINAS (IND) > VICECONSEJERIA (IND)",False
GABJURUDICOCPIE,GABINETE JURIDICO (IND),2,VICECPIE,VICECONSEJERIA (IND),"CONSEJERÍA DE INDUSTRIA, ENERGÍA Y MINAS (IND) > VICECONSEJERIA (IND) > GABINETE JURIDICO (IND)",True
SVCOORDCPIE,SERVICIO COORDINACION (IND),2,VICECPIE,VICECONSEJERIA (IND),"CONSEJERÍA DE INDUSTRIA, ENERGÍA Y MINAS (IND) > VICECONSEJERIA (IND) > SERVICIO COORDINACION (IND)",True
